,WeekAct:2015-07-05,WeekAct:2015-07-12,WeekAct:2015-07-19,WeekAct:2015-07-26,WeekPred:2015-07-05,WeekPred:2015-07-12,WeekPred:2015-07-19,WeekPred:2015-07-26,Stores,Type
X1,23041,28548,23256,26178,24199.60493,28183.44032,25206.82815,27372.23864,1,NMF
X2,25264,32399,23838,30331,24245.93668,30735.04278,26428.03608,29002.90507,2,NMF
X3,36203,45596,31472,41872,33167.03254,43295.37134,35871.47367,40718.40509,3,NMF
X4,55980,68640,52892,56983,51286.71932,60993.68873,53063.051,59875.57698,4,NMF
X5,24230,31318,20833,28806,22388.56311,29638.26228,23871.60039,27909.46408,5,NMF
X6,24360,29619,21668,26278,24457.74107,29485.23725,25546.88155,28032.31956,6,NMF
X7,54733,63613,52869,66189,46598.64409,57989.45326,50476.47701,54923.9209,7,NMF
X8,32803,45243,30434,39397,31739.60304,40419.22249,34927.95212,38373.17655,8,NMF
X9,37687,46198,35939,43280,38777.06308,46835.8806,41608.45383,44790.9446,9,NMF
X10,31738,38063,35417,32247,30572.81178,35952.33531,31928.48834,34773.67341,10,NMF
X11,39992,51044,38288,41930,40960.81911,47493.07361,43407.07638,46398.61344,11,NMF
X12,37816,55205,36316,45240,38123.24983,49933.88901,41004.21239,47062.7012,12,NMF
X14,28515,34606,25514,30199,28097.40994,34060.90196,29588.86756,32741.25196,14,NMF
X15,34122,48072,33333,42234,34068.77698,43436.84416,36212.57569,41284.39671,15,NMF
X16,43324,52864,43436,49883,41860.52214,48867.30127,43677.4415,47137.28455,16,NMF
X17,30469,42524,29050,40773,30403.61716,39012.87393,33235.29705,36729.45339,17,NMF
X18,38057,44676,34758,43024,35825.79815,44097.10045,37710.46457,42091.53004,18,NMF
X19,32244,44226,31180,40358,34547.60391,42657.68065,37545.73299,40542.89178,19,NMF
X21,26070,41746,26238,41442,25797.95129,36353.66093,28116.98425,33845.81391,21,NMF
X23,27656,37624,27167,33804,26540.10185,34029.02976,28692.5513,32071.93022,23,NMF
X24,50093,65151,46437,60216,48917.10894,61544.15718,51803.71361,58522.49977,24,NMF
X25,57999,65600,51031,58650,62781.51059,71705.93461,64736.72319,68699.18516,25,NMF
X26,35892,47254,33761,42262,33101.035,43614.7356,35963.22111,40872.66941,26,NMF
X27,49688,63333,40204,57079,46355.46221,60898.08408,50498.8693,57172.37127,27,NMF
X28,22696,32563,20859,32451,25605.75451,29234.14135,26341.44453,28618.0318,28,NMF
X29,40266,50855,37457,45123,41298.75727,53486.3493,44819.30949,50550.21962,29,NMF
X30,21603,26303,18725,24368,21736.43276,27166.93689,23664.48222,25750.59793,30,NMF
X31,31240,38223,29525,33732,29750.84932,36621.15697,31266.62994,34780.94318,31,NMF
X33,42947,51575,40769,44097,43234.15841,51977.82175,45138.40329,50119.89742,33,NMF
X34,46938,56661,40804,47688,41055.76717,50011.0102,43234.31612,47949.05114,34,NMF
X35,58449,75304,47704,58751,50647.25977,70012.21203,55360.20242,65467.33218,35,NMF
X37,35599,46140,33045,41853,34978.0753,43619.74363,37293.78584,41663.48657,37,NMF
X38,30014,43200,27715,36029,26920.46674,39354.93998,29550.51759,36141.51183,38,NMF
X39,23247,30991,21427,32916,24460.0963,34989.96853,26851.42943,33337.4555,39,NMF
X40,23031,28918,25224,26328,23337.01751,26272.23315,24129.69469,25433.14353,40,NMF
X42,52677,65226,48837,57047,53810.50464,65774.83662,56956.27653,62878.6099,42,NMF
X43,31905,41134,30327,37034,32847.98523,39888.03261,35052.42315,38082.77259,43,NMF
X44,25323,34895,24389,31814,26949.30972,34759.80426,28914.09035,32859.48071,44,NMF
X45,27705,36896,27931,30659,26195.94294,32849.31119,28227.27947,31055.98611,45,NMF
X47,39002,50227,34536,41714,38643.79215,47737.62875,41027.142,45357.86586,47,NMF
X48,18510,23535,16543,18820,19478.81994,22541.48397,20342.67923,21746.35139,48,NMF
X49,40798,51329,40189,49252,38838.11679,47721.24676,40506.02543,45619.37652,49,NMF
X50,22600,32021,22050,27798,19765.70471,26950.44332,21607.12554,25024.35439,50,NMF
X53,29262,36331,26459,33803,26645.59663,33115.48879,28001.6158,31248.8504,53,NMF
X54,40180,52331,38909,50043,39826.09639,49688.29876,41665.31191,47249.5154,54,NMF
X55,28773,33154,22805,29899,25377.70392,31213.00856,27280.05932,29795.73891,55,NMF
X56,46275,55610,45413,46135,43213.84017,51383.87455,45922.37938,49348.64673,56,NMF
X57,45906,60932,42938,56987,44276.29664,57120.7497,48014.85107,53915.08089,57,NMF
X59,28472,35097,26599,32150,27018.56118,34233.62935,29348.42259,32312.97223,59,NMF
X60,48453,59689,41160,57371,42943.1121,55570.63156,45773.73978,52660.65864,60,NMF
X61,26301,35862,29862,32508,27218.4591,31800.25178,28597.6108,30902.69224,61,NMF
X62,34649,42543,31282,37708,33335.83436,40142.14651,35004.01686,38681.7514,62,NMF
X63,38624,51519,34536,48096,36012.44948,47019.00423,38740.69617,44160.98757,63,NMF
X64,58917,76020,53422,65730,58735.11945,71561.68247,63223.3303,68684.86143,64,NMF
X65,25936,34157,24194,33270,25116.17222,32370.59083,26760.86726,30337.31486,65,NMF
X66,34278,42558,33676,37995,31746.53301,37374.5196,32902.78879,35900.23975,66,NMF
X67,40776,55384,42589,57426,39812.40168,49563.23133,42900.75265,47073.41438,67,NMF
X68,46948,54955,48309,45489,41690.11737,47112.1972,43048.49347,45339.16691,68,NMF
X69,49547,60499,49506,53897,48282.25773,57487.76863,50490.66203,55534.16805,69,NMF
X70,34509,43577,35657,42239,32780.14957,41341.71261,34625.26684,39293.04968,70,NMF
X71,43948,59134,39953,55022,43912.40793,56093.07384,47633.70055,52890.40034,71,NMF
X73,25134,31742,23300,26984,24777.0724,29371.00181,26063.11953,28022.75353,73,NMF
X74,30712,37370,27617,35419,31522.59583,38424.36862,33155.32665,36787.19774,74,NMF
X75,35213,42547,35543,36109,32754.88827,38273.05762,33911.06101,36465.73748,75,NMF
X77,40160,54536,40889,46717,40011.48969,49660.65255,43162.25967,47143.79632,77,NMF
X78,19618,25167,16890,24138,18855.54996,24182.94719,19954.33215,22951.00105,78,NMF
X79,28910,39963,28891,37439,27389.88606,34745.93719,29451.92172,32864.01305,79,NMF
X80,41137,53417,43679,46890,39710.60972,48489.16188,42458.87528,46206.40176,80,NMF
X82,49381,59509,41365,53869,43467.67506,56801.75681,46309.66532,53692.16613,82,NMF
X83,18880,23593,17194,20197,19980.41337,24030.94623,21001.76759,23021.72167,83,NMF
X84,72148,83122,64039,74240,67966.78306,81759.17411,71558.20895,78378.56201,84,NMF
X85,48194,57642,46600,49439,49272.51384,56018.49403,49777.20427,55295.82251,85,NMF
X86,22576,29180,20463,25959,22399.9019,29319.64957,24591.46665,27472.62135,86,NMF
X87,32301,38298,29419,34134,30442.40289,36279.74481,32018.80724,34979.40537,87,NMF
X88,31571,42868,27664,38070,28360.43251,37948.01772,31064.19658,35463.60352,88,NMF
X90,45816,54372,39885,48894,43902.81115,52535.21902,47177.36412,50223.44851,90,NMF
X91,22319,32096,23358,32319,24391.37556,29305.7051,26193.06838,28052.19171,91,NMF
X92,32029,43894,26725,39115,30525.35936,42362.00108,33409.5988,39556.98474,92,NMF
X93,30772,39478,26853,33027,29738.53622,36371.56671,31850.28528,34642.73343,93,NMF
X94,39045,49993,33217,44151,35366.77797,46318.88573,38368.53466,43531.78873,94,NMF
X95,35859,46335,33339,43987,34521.15745,44118.54487,36723.13166,41855.97751,95,NMF
X96,24612,34933,25538,37059,25021.05163,33552.7292,27427.9367,31361.01641,96,NMF
X97,38566,45898,34033,42418,34186.77602,43704.13192,36251.39951,41477.76804,97,NMF
X98,29127,37591,27169,31448,27999.31783,35219.76888,29596.01878,33550.37276,98,NMF
X101,41324,55887,36170,46946,39215.52007,48967.97709,41462.89314,46786.27649,101,NMF
X102,36247,46471,29490,44898,33093.63871,44383.46857,36517.49023,41398.38045,102,NMF
X103,28072,30947,24675,24968,27691.65268,31357.02365,29101.0444,31488.60851,103,NMF
X104,60967,68735,57671,53272,57124.39056,62916.47648,58486.62777,61785.56633,104,NMF
X105,25924,33178,25986,33037,27630.16409,34069.28171,29893.28104,33134.25627,105,NMF
X106,51707,62078,46659,47735,44820.49746,53100.02954,46840.6207,50811.85165,106,NMF
X107,43336,49429,42796,40615,40753.22199,47781.33317,42500.77323,46265.52944,107,NMF
X109,37149,45197,32764,35447,34309.636,40700.27761,36161.04955,38809.56,109,NMF
X110,26352,30955,26264,32070,23648.27346,27979.77759,24683.66853,26632.84906,110,NMF
X111,34572,47222,34646,41719,32990.16447,42663.94431,34963.19071,40340.5224,111,NMF
X112,36735,39790,39521,34581,35323.54208,37886.09446,36023.59968,36998.80453,112,NMF
X114,28885,35680,25822,30981,26726.01074,33510.71603,28121.50798,31898.99044,114,NMF
X116,37844,47350,37372,37711,38318.04495,45333.19087,39928.3294,43373.51995,116,NMF
X117,20056,23628,17373,21094,19860.70975,23500.4718,21247.19526,22526.43331,117,NMF
X118,44141,62009,37842,51688,39991.25911,53875.51974,44061.49742,50251.4193,118,NMF
X119,33005,39049,28783,32958,30819.93525,37530.0283,32694.94925,35649.68791,119,NMF
X120,36482,47236,38098,44971,34784.07674,44435.51894,37494.28051,41895.89855,120,NMF
X121,21810,27714,20073,25242,22993.63913,27189.58266,24066.61171,26179.20836,121,NMF
X122,51505,59765,58768,66797,43115.14855,51514.99985,44285.03457,47767.53465,122,NMF
X123,43262,56483,38807,52986,44149.39437,49590.99665,45829.34412,48351.88022,123,NMF
X124,25183,26199,20951,25394,25259.86965,29241.6819,26954.46123,28185.26624,124,NMF
X125,64230,80068,61915,73496,60175.79716,73875.66651,63612.40001,70692.78388,125,NMF
X126,26821,34754,23412,36343,27731.097,36207.80824,30291.91879,34106.3089,126,NMF
X128,43237,58428,44254,50014,43833.00046,54008.96597,46536.94355,52177.17468,128,NMF
X130,26488,34131,29277,27850,27838.74917,32603.19018,28958.41244,31566.60584,130,NMF
X131,27139,33606,23531,24681,25127.70035,30558.94347,26950.92314,29175.89345,131,NMF
X133,30220,39518,27931,37680,30548.27608,39626.79263,33429.23219,37323.93849,133,NMF
X134,25958,30388,23044,24572,25484.09656,28681.31548,26272.19485,28005.93567,134,NMF
X135,33912,41465,32709,36284,31643.16426,38505.12254,33764.9719,36693.33078,135,NMF
X138,41858,51948,35453,51265,37796.91245,47942.89572,39979.4072,45533.45528,138,NMF
X140,39744,48861,39575,45864,39414.9008,47153.73455,41358.45219,45220.28094,140,NMF
X141,28298,37114,27638,37480,27139.86734,34382.19651,28759.00598,32664.1673,141,NMF
X142,24001,28740,22314,24034,24288.70263,28005.1351,25171.66814,27224.21493,142,NMF
X143,31964,45140,30548,40168,31438.11943,41508.64551,34111.99182,39005.82638,143,NMF
X146,42649,54964,37827,47654,42250.16786,52044.50156,45473.6521,49503.58142,146,NMF
X147,42515,55425,38232,46406,42328.44816,51029.59067,45367.83205,48696.30502,147,NMF
X148,48539,59394,44032,46954,46937.62208,55213.23168,48907.11658,53493.62227,148,NMF
X150,47286,58713,45591,57782,44102.59251,55474.40767,46634.49736,52464.93819,150,NMF
X151,40156,45606,34701,43115,36021.30585,44787.77379,38900.78808,42460.30506,151,NMF
X152,27711,37540,24715,33968,25545.7238,35634.1418,28054.03765,33072.00003,152,NMF
X153,29916,41055,25502,39533,33903.20071,43395.02468,36634.1531,41017.43441,153,NMF
X154,48436,60034,46219,53519,46487.4958,57406.39311,48713.21144,54818.14983,154,NMF
X156,33107,44874,30638,44735,33018.45196,43076.50385,36170.46152,40432.50277,156,NMF
X157,51551,66924,46931,54913,48696.60025,59242.53378,52674.26968,56388.52295,157,NMF
X158,47507,55186,43595,49901,44535.03598,52658.90162,46509.42969,51047.12725,158,NMF
X160,28503,37758,30309,32832,28340.15551,35792.2224,29908.0214,34022.89333,160,NMF
X161,40391,46126,35920,39689,39036.12301,46193.05356,40771.76263,44648.73276,161,NMF
X162,39249,54565,38338,50637,37116.57899,49369.62738,39589.02119,46435.13225,162,NMF
X163,39866,40656,34218,33371,37609.29003,41126.33438,38474.31994,40425.51116,163,NMF
X166,29727,34614,28127,31527,29243.55347,34994.45589,30960.50734,33978.36564,166,NMF
X167,47582,63034,45302,61418,46681.91148,60714.39719,49662.11465,57474.49471,167,NMF
X168,39726,52610,39346,52381,38015.40484,47155.51455,40180.67767,44996.83012,168,NMF
X169,29860,39903,25420,35568,32241.44875,36955.97409,33852.45466,35743.41869,169,NMF
X170,21616,28152,20204,25539,24089.96508,29152.2288,25853.38668,27806.9737,170,NMF
X171,39570,52792,37440,45594,41256.32134,52096.96503,44995.93285,49239.73854,171,NMF
X173,42699,57762,40344,48471,41413.05546,50313.24706,44537.62282,47852.21829,173,NMF
X175,33350,43747,29381,33164,30521.82321,38551.30568,32905.85159,36430.83651,175,NMF
X176,26385,32682,22869,30490,26064.77467,32440.94707,28116.45389,30782.31471,176,NMF
X177,20084,25843,15516,22054,19691.45967,24815.07472,21258.91571,23481.05998,177,NMF
X178,53069,67289,49783,62139,51424.82876,65228.87133,55722.25548,61665.56328,178,NMF
X179,37868,47610,32981,44783,37626.37375,47375.41988,40090.47313,45054.09961,179,NMF
X180,39068,52316,35156,42399,35362.90119,45528.01999,38440.30238,42704.73424,180,NMF
X182,27760,36012,28282,34032,29038.25273,36094.49296,30738.49991,34418.72797,182,NMF
X184,33815,41783,31161,37341,32029.82906,41151.92076,34593.33358,38747.39197,184,NMF
X185,32682,47461,29783,39125,37593.96314,47484.70311,40807.39011,44875.04343,185,NMF
X187,33406,43733,31202,37535,32020.40894,39094.18046,33756.77448,37133.63515,187,NMF
X188,26229,39848,26445,41989,24915.16673,33854.81525,27180.83717,31678.89802,188,NMF
X189,45209,55900,45588,50399,45019.17639,52481.20146,47645.90408,50508.42305,189,NMF
X193,24835,38057,25462,35530,25489.45545,32991.92299,27585.02455,31062.94054,193,NMF
X194,27956,32599,26415,32620,26064.93989,30808.64088,27042.32592,29612.77949,194,NMF
X195,57015,66674,49347,60232,54467.40261,67591.55101,58777.66691,64163.56964,195,NMF
X196,28950,33234,25922,31023,27011.10274,33320.43548,28525.88927,31805.0197,196,NMF
X197,34431,47821,32275,41890,33999.17184,43097.9999,36679.24418,40708.82169,197,NMF
X198,13446,20220,11857,19524,12167.24077,18823.13525,13660.06255,17179.14902,198,NMF
X199,43018,56930,44360,51350,42333.43755,52988.31451,45838.67297,50231.6159,199,NMF
X200,43160,47197,35962,40999,39962.23133,46662.77622,42831.59785,44805.71202,200,NMF
X201,29340,35977,30055,31066,27176.21341,33822.27697,28517.47491,32232.63454,201,NMF
X202,35958,42665,35488,37764,35101.16728,41646.4502,36879.19801,40340.90602,202,NMF
X203,39557,47245,34808,40804,36233.59278,43554.48258,37768.7982,41826.33067,203,NMF
X205,33627,44763,32779,37963,31351.57991,40972.14646,34135.28674,38307.49694,205,NMF
X206,39729,50199,35770,44338,40981.71409,49564.42801,43273.62171,47432.15369,206,NMF
X207,58200,81625,52320,69136,55014.26104,69020.89268,59917.42177,65266.4485,207,NMF
X208,17267,21245,15626,18078,14333.15719,18425.45464,15581.48289,17287.27995,208,NMF
X209,39174,46735,41943,46130,33526.12834,40594.99324,35285.00013,38052.56282,209,NMF
X210,14965,21062,14607,19651,15931.15459,20480.0405,17267.20659,19319.32559,210,NMF
X211,78447,95076,69610,83706,65123.64564,81842.03724,69009.39201,78325.79141,211,NMF
X212,24395,32127,22601,26498,24052.41522,29726.0915,25518.89417,28283.55334,212,NMF
X213,41594,57639,40949,51682,43995.84979,55181.73496,47621.07903,52722.14776,213,NMF
X214,47680,58831,46679,51957,45853.02955,57913.53576,49421.89758,54672.44424,214,NMF
X216,34649,42809,32682,41212,35783.81885,44158.87034,38765.68088,41950.04679,216,NMF
X217,27860,34547,23883,27511,25514.14098,30442.01375,27359.28167,29077.06113,217,NMF
X219,16751,19446,16731,18287,16383.24103,19132.73131,17034.43064,18570.48402,219,NMF
X220,25258,33550,22949,27720,24813.35623,29414.81893,26710.09678,28175.25999,220,NMF
X221,35450,42344,31141,37378,31383.93453,38888.14728,33115.79595,36787.48422,221,NMF
X222,25900,33247,23288,28735,23962.47182,31540.66729,26188.34823,29453.98029,222,NMF
X223,38108,45778,35410,42892,35623.40034,45573.93103,38326.58249,42937.39089,223,NMF
X224,38660,50452,37988,47773,37403.79416,46158.4699,39348.21983,44172.30296,224,NMF
X225,28125,36882,27294,37950,25965.26933,33670.72706,27505.17465,31832.95063,225,NMF
X226,36244,44159,34776,39916,37083.21069,42497.18798,39308.85183,41082.84027,226,NMF
X227,34089,38909,28048,34702,34567.80147,39205.21338,35830.29173,38078.40065,227,NMF
X228,45695,52708,40555,46781,43454.36461,52116.89269,45554.49867,50205.26978,228,NMF
X229,46283,60050,45116,56764,44370.86743,56478.44419,46955.53584,53617.16935,229,NMF
X230,44412,52538,37619,41685,41258.71315,49721.44484,43104.17258,47892.2716,230,NMF
X232,20338,26686,20025,24497,20263.31194,24941.00348,22165.81619,24208.61671,232,NMF
X233,54440,61104,55686,59941,49820.32335,59333.92304,52157.86912,57223.14749,233,NMF
X234,53784,69202,43108,60727,51122.75337,70600.11176,55872.82756,65562.9953,234,NMF
X235,24921,36290,27205,34738,28822.58267,36909.42256,30718.97286,35066.19959,235,NMF
X236,41103,49499,36650,43908,38352.0791,46286.46783,41529.33478,44176.65197,236,NMF
X237,28773,30829,23726,23600,26053.52415,28963.61745,26917.68542,28011.20312,237,NMF
X238,37126,44943,35044,44318,39197.39621,46365.2074,40707.08544,45041.45987,238,NMF
X239,26886,35157,24023,30730,26993.16754,34692.33485,29333.89635,32749.04525,239,NMF
X240,27702,32039,22320,25414,26153.96846,31454.72719,27405.40318,30315.36874,240,NMF
X241,33898,42276,33572,36398,35191.12596,42829.72245,37023.21209,41161.42221,241,NMF
X242,20009,29440,18721,26332,18863.79559,25843.37446,20549.71009,24068.07915,242,NMF
X244,22687,39111,22523,33854,25690.12005,35762.30158,28161.79482,33253.67307,244,NMF
X245,53382,63314,54972,51773,49877.76913,57425.20034,51965.00068,55998.23745,245,NMF
X246,39161,50917,36132,41538,35842.24334,43370.71251,38782.62909,41249.49196,246,NMF
X247,40743,56544,38806,54194,41862.66184,53867.24019,44275.89919,51091.46728,247,NMF
X248,44647,51231,43504,44929,42271.16885,50033.04278,44769.64115,48582.04066,248,NMF
X249,29031,37652,27060,30579,27732.7866,33786.86644,29156.34115,32023.32227,249,NMF
X250,42887,61455,43761,61264,43747.25786,59388.2252,47551.0231,55813.29896,250,NMF
X251,101548,117283,94252,102901,103916.8664,112558.6539,109179.1735,109179.1735,251,NMF
X252,51461,68246,49344,67213,50803.47421,66289.9297,54766.64979,62343.20385,252,NMF
X253,26835,37344,24775,38891,26969.61791,35638.14405,29527.81563,33494.95211,253,NMF
X254,16328,20582,16035,19531,15859.77997,20272.55819,17048.32152,19190.15186,254,NMF
X255,32524,40804,29764,39732,32238.41773,39941.20362,34633.57114,37921.29554,255,NMF
X256,41973,52604,36619,51787,43497.12972,55242.4269,46559.97797,52344.55138,256,NMF
X257,26689,34955,24241,29579,26358.9739,31530.33831,27585.14604,30308.13998,257,NMF
X259,86008,89542,83534,79446,98498.78241,104213.1246,102405.2248,104754.604,259,NMF
X260,36983,40335,34766,31938,36236.67878,39622.60666,37022.71465,39000.36218,260,NMF
X261,58916,85357,52827,75829,58340.01953,78050.91738,63687.44332,73043.55139,261,NMF
X262,143534,160583,139949,146242,144605.4109,152165.1142,138537.8779,147411.5056,262,NMF
X264,33643,47490,31895,40431,32670.8796,40376.40607,35783.93663,38359.37443,264,NMF
X265,27473,36170,25738,35392,23186.18484,31337.47064,25316.4633,29227.85082,265,NMF
X266,23010,26840,21596,24682,21607.50127,25791.54472,22715.93601,24699.3809,266,NMF
X267,54841,58356,53310,62985,47811.27035,55538.18906,50032.04454,53874.67645,267,NMF
X268,24423,31333,22296,28432,23141.11431,31134.55111,25357.8719,28981.01502,268,NMF
X269,38693,51261,33922,49332,45737.70961,58301.16368,48923.34375,55348.23657,269,NMF
X270,56160,63311,53637,53027,50880.99664,61177.49093,53466.78217,58989.61595,270,NMF
X271,35677,56543,33437,55321,38817.18813,51369.8697,42680.90176,48167.13449,271,NMF
X272,29590,43732,29439,42022,29621.99378,38772.67363,32233.46397,36374.16347,272,NMF
X273,39149,50252,35808,46078,37055.64204,48490.6953,40385.60002,45624.18197,273,NMF
X274,39043,42909,40325,37210,35595.37676,37765.43641,35353.58058,37601.02836,274,NMF
X276,19681,24577,17637,23232,21103.53651,24944.75221,22109.62451,24085.42348,276,NMF
X278,40676,50075,35213,41249,36612.26795,44297.19211,38637.93507,42108.76312,278,NMF
X280,34025,41420,34665,39647,32410.88335,38172.74626,33643.74762,36742.13648,280,NMF
X281,35082,41065,29228,35315,30959.29351,37219.82809,32422.86721,35491.09422,281,NMF
X282,24803,30214,22314,23874,22176.42572,27849.37231,23545.19579,26583.16237,282,NMF
X285,29759,36833,31307,30347,29758.70785,34949.71079,31571.19383,33633.743,285,NMF
X286,18199,26051,16453,24366,23458.4085,30362.27677,25325.86534,28635.48583,286,NMF
X289,32182,39524,31963,34480,32146.11987,38740.01664,33665.55876,37220.46258,289,NMF
X290,38528,47038,30506,40103,34897.69872,45601.03337,37787.3382,42913.56469,290,NMF
X291,41529,53105,36768,49352,39243.50587,50173.45067,41420.07698,47694.32473,291,NMF
X292,15026,0,0,0,31359.73128,38335.39445,34284.90948,36459.0877,292,NMF
X293,32067,42323,28361,35935,30782.65659,39802.80736,32826.41858,37624.24672,293,NMF
X294,32618,41492,34683,39244,30730.58128,36844.94959,32996.55719,35288.27082,294,NMF
X295,31759,42242,32032,38669,28592.63671,35813.55761,30890.42103,33997.27919,295,NMF
X296,37253,45735,37508,44292,36241.52761,42997.78182,38829.36888,41205.68472,296,NMF
X297,35583,48594,36554,47852,34434.42363,42475.40762,37086.68255,40336.89138,297,NMF
X299,53554,61464,65976,59217,47021.78905,53375.80552,47086.00444,50016.28157,299,NMF
X300,39103,52669,42260,44420,41182.91429,48870.54646,43394.07623,47283.37661,300,NMF
X301,28944,37223,28934,30162,30030.17707,34977.41998,31396.61898,33492.28203,301,NMF
X302,19624,26495,19913,23907,19357.67459,24635.61415,20464.34332,23422.99177,302,NMF
X303,32460,41162,29634,38220,29709.93237,37325.36721,32375.93186,35210.87639,303,NMF
X304,35673,42044,34172,41056,35969.20158,43130.63473,38796.87754,41157.55164,304,NMF
X305,32007,43349,32166,35564,33452.89136,40829.2059,36297.11213,39375.99379,305,NMF
X307,13972,17990,12432,17849,12758.89636,16820.73615,13869.3514,15757.93598,307,NMF
X308,47107,59093,41533,50578,43132.23689,50901.99701,45932.91434,48712.97568,308,NMF
X309,34242,45832,30796,42704,32624.86344,44213.57124,35426.94702,41302.17671,309,NMF
X310,55508,68861,50655,62374,48999.40767,62012.55201,52051.13673,58320.22952,310,NMF
X311,36148,46164,36273,41554,35933.38596,42296.30541,38558.84099,40615.69182,311,NMF
X312,28458,38563,28762,33593,26925.81777,34416.38586,29131.40917,32432.6329,312,NMF
X313,37025,48100,33904,46419,34190.54057,43734.72489,37134.64775,41159.02984,313,NMF
X314,25560,32500,24087,31880,25457.01949,31623.53983,27471.12504,30011.50288,314,NMF
X315,24638,29994,23018,26533,22190.48316,26434.72276,23103.2612,25029.67598,315,NMF
X316,52009,67787,45563,57985,49187.16621,64054.87466,53145.36166,60299.71021,316,NMF
X318,41848,49281,37353,43969,37630.00809,46599.75081,39412.19725,44573.36943,318,NMF
X319,39981,50178,38243,43349,41917.16768,46358.48785,44547.91195,44547.91195,319,NMF
X320,85940,101360,79960,91531,78985.27112,88025.56485,84648.44966,84648.44966,320,NMF
X321,33027,40713,29783,37311,29694.44117,38077.4621,31434.6186,35570.80201,321,NMF
X322,27568,35388,23406,34002,23629.01236,32007.59909,25375.33363,30019.21539,322,NMF
X323,41074,49606,41763,44899,39939.27957,47369.53041,41540.85569,45572.49994,323,NMF
X324,24034,35068,24296,36075,27681.24031,35051.82774,29900.36507,33165.47845,324,NMF
X325,30391,38863,30694,38371,33290.3061,39699.5033,34940.38161,38299.0412,325,NMF
X326,28786,36875,28094,34116,29337.49686,35537.05095,30862.67157,34413.39818,326,NMF
X327,40697,52559,38008,49725,41624.76173,51123.08701,43556.59915,48807.38163,327,NMF
X328,22636,28958,21909,26533,23240.89859,27426.12478,24873.04349,26315.39406,328,NMF
X329,34032,44918,31046,40781,33863.32622,42823.43455,36988.97215,40407.73939,329,NMF
X330,19390,27246,18709,22528,20982.21552,26059.69259,22018.54074,24771.88132,330,NMF
X331,30368,37076,29448,33874,28857.85078,33410.63046,30585.39585,32203.32993,331,NMF
X332,20017,22109,17914,21804,19697.26971,23429.61317,20678.94162,22496.72041,332,NMF
X333,55991,67790,51838,57994,50627.76019,62032.68355,55046.76997,58870.28639,333,NMF
X334,27467,32335,25589,28719,27681.15557,33424.71345,29069.14689,32058.92315,334,NMF
X335,75087,106781,73769,95719,84124.01568,104758.4118,90805.37764,99541.04136,335,NMF
X336,69896,91442,69648,85158,70740.55998,84175.97516,75501.98527,80651.59747,336,NMF
X337,30124,34031,30954,32576,28405.9682,32988.83724,29467.20608,31855.76369,337,NMF
X338,35211,46347,34602,41344,34029.19593,41988.41989,36597.72005,39807.70787,338,NMF
X339,29115,35481,29615,32956,32533.2923,36421.09193,33313.18064,36052.83859,339,NMF
X340,35227,49903,31081,37940,33094.11533,42145.36838,35430.27696,39784.31091,340,NMF
X341,29237,37621,25625,31693,28902.88913,35965.56882,31119.80761,34143.31301,341,NMF
X343,40769,50751,34567,43796,38390.17282,49311.9258,41414.88112,46570.04369,343,NMF
X344,44966,67460,47673,56881,42154.73421,58408.9909,46569.65898,54174.03773,344,NMF
X346,40410,47951,40031,42006,38486.19915,45806.28123,40226.55911,43980.59029,346,NMF
X347,28933,34384,28913,31585,27273.52391,31853.11295,28230.43934,30707.99958,347,NMF
X349,52107,55413,45485,44761,53693.81686,57774.92495,56722.74577,57786.21836,349,NMF
X350,35960,49605,35460,42868,34507.32946,42992.93737,37046.05052,40725.44684,350,NMF
X351,31513,42135,28745,38664,31000.5043,39527.39117,33405.46034,37394.73381,351,NMF
X352,37548,45989,33748,37552,34841.95417,41437.63445,36449.77659,39486.16069,352,NMF
X353,46325,47529,44182,44224,49724.40242,53228.7817,49594.05015,53242.14934,353,NMF
X354,43812,57249,40633,45878,43418.48477,53333.84883,46749.46391,50743.3305,354,NMF
X355,51882,60395,48212,53601,48612.75639,54569.1189,52149.56208,52149.56208,355,NMF
X356,37087,41469,34830,38435,33004.77707,38418.44079,34232.95597,37061.85246,356,NMF
X357,42303,54973,39230,49305,36491.24791,49544.59806,39194.79401,46883.48976,357,NMF
X358,50707,65568,46154,59156,50241.95593,64213.68327,54514.28861,60521.47719,358,NMF
X359,36161,42793,37042,38237,35970.30124,41650.379,37330.28575,40186.00985,359,NMF
X360,36782,48373,33445,41100,34293.65329,43206.59085,37300.65992,40802.45863,360,NMF
X361,31513,43967,28071,43021,29942.19295,39588.25718,31940.04998,37259.54834,361,NMF
X362,49144,61228,48612,57435,50131.54921,59791.0003,52598.76214,57288.7188,362,NMF
X363,41661,50943,37779,41770,35856.18342,43685.60038,39229.08095,41476.38485,363,NMF
X364,28652,34528,28560,34036,27474.62437,32831.19454,29448.58502,31473.19789,364,NMF
X366,30998,40848,28354,40354,30361.32838,39088.26124,32094.99146,36980.38283,366,NMF
X367,29325,40327,23561,32483,25358.25416,35562.68508,27863.01884,32933.2526,367,NMF
X368,45278,71882,45969,74290,45548.33183,66156.51679,49911.96032,61250.43381,368,NMF
X369,35080,42214,35025,38575,33273.61728,40069.71094,34891.43276,38532.07254,369,NMF
X370,42008,53633,36349,45627,36956.47543,48017.75075,39953.86346,45090.84519,370,NMF
X371,34272,46429,31744,44437,33369.46792,42505.20422,36220.06572,40076.26526,371,NMF
X372,47066,60708,42484,53491,46193.37909,58025.70701,49721.93688,54983.16407,372,NMF
X373,24698,30502,24980,27054,24661.98864,28780.73238,25509.51343,27795.66533,373,NMF
X374,39771,46389,35100,41227,35658.19779,44070.02492,37706.61707,42235.62737,374,NMF
X375,47215,64001,41928,63205,42724.72181,58553.74158,45872.73363,54838.29761,375,NMF
X376,41785,57048,37692,49780,40611.60555,53714.26914,43639.46064,50532.84236,376,NMF
X377,45047,56245,41115,53022,42159.6956,52239.28918,44647.60517,49327.80164,377,NMF
X378,36684,44634,34124,40078,37111.60837,43170.08039,39013.72793,42083.50552,378,NMF
X379,20733,27639,21747,23876,18783.36701,24683.47008,20574.59208,23028.60845,379,NMF
X380,75809,91148,68163,80846,71899.61563,89369.93751,76891.15067,84995.46285,380,NMF
X381,50888,58262,45384,54356,48332.85468,56827.30158,50350.9285,55047.52355,381,NMF
X382,38794,53599,37742,50634,38684.0512,50487.6298,41203.59755,47372.71305,382,NMF
X383,93876,112228,95110,96341,91921.96219,104188.5255,95114.25027,101482.1041,383,NMF
X384,51967,61325,45295,59125,47810.3219,58377.35735,50187.11558,55849.51636,384,NMF
X386,35359,46356,32571,44769,33447.26784,41978.09898,36248.19786,39795.26578,386,NMF
X387,46585,65160,44961,62453,44937.88382,54893.92247,48686.17375,52777.3454,387,NMF
X388,50729,68035,47085,55780,52930.54948,65715.16707,57093.03654,62433.37463,388,NMF
X389,62933,75435,55840,62434,57120.85615,68528.58251,59877.22041,66177.6453,389,NMF
X390,61876,81453,56114,70620,58216.2841,75409.41458,63448.1561,70838.95921,390,NMF
X391,26858,33595,24295,34381,28413.31514,34871.56961,30615.02172,33248.49913,391,NMF
X392,35814,46682,33150,38965,38225.63031,46615.49132,41282.13103,44444.68619,392,NMF
X393,31370,38536,29027,37058,29068.05538,36326.48484,31417.77337,34384.04865,393,NMF
X394,46067,57954,45206,53041,43981.93818,54210.76577,47131.01174,51510.77804,394,NMF
X395,21143,24653,18044,22115,20794.47185,24616.63789,21602.51811,23611.49726,395,NMF
X396,54606,68568,50312,66555,51063.65565,64142.73427,53488.77084,60843.41099,396,NMF
X397,31002,40737,26382,37173,31130.72449,38933.96707,33165.58093,37401.72713,397,NMF
X398,26979,40026,27475,35757,27534.33269,36033.92862,29441.91577,33962.502,398,NMF
X400,43359,56915,42205,55030,44776.03132,56184.13002,48625.64776,53225.17496,400,NMF
X401,38519,49074,35102,47446,37697.25997,47107.19253,39711.92274,44890.85816,401,NMF
X402,32272,38727,28741,38141,29305.89417,36370.00025,30610.54324,34633.10965,402,NMF
X403,41690,50659,37655,43301,38593.54779,44849.37338,41205.55042,43165.30803,403,NMF
X404,26841,34237,26741,34553,29820.04499,34151.82071,30898.60444,33552.79246,404,NMF
X405,20635,32470,17502,29320,20054.85333,29348.32211,22044.09893,27073.04052,405,NMF
X406,38470,49199,39036,45640,38002.47372,45446.40343,40906.49555,44038.27859,406,NMF
X408,25537,34701,25010,34748,23893.29393,31024.02039,25730.84394,29254.82065,408,NMF
X409,30724,42115,32184,40118,29802.68102,38173.12275,32211.5688,36097.76136,409,NMF
X410,30199,45137,26480,39999,31346.22625,43018.65646,34333.85102,40126.85393,410,NMF
X411,48195,64022,50609,58601,46839.41782,60822.7467,50482.04538,57261.16516,411,NMF
X414,36778,43908,38237,37249,35781.31816,42019.88543,37143.73988,40458.0863,414,NMF
X415,35669,42844,35685,37391,33251.91249,40037.97142,34758.49062,38368.96028,415,NMF
X416,62834,78204,56190,64512,58577.69775,71418.6911,61711.53932,68630.53696,416,NMF
X417,34830,45661,30839,40429,35790.77263,44930.14218,38719.17505,42422.61465,417,NMF
X418,25556,35938,22583,33639,24906.71976,33104.83873,27318.216,30957.79898,418,NMF
X419,28254,34519,24302,30417,26505.30103,33814.12925,28045.11123,32248.54055,419,NMF
X421,56795,63242,56897,67095,50458.44453,59148.83229,52321.39102,56085.52742,421,NMF
X422,25482,30485,21177,23196,24528.77595,27974.4656,25379.82418,26842.09043,422,NMF
X423,81096,89292,79174,74966,76885.85877,81531.30878,76566.15507,77758.20621,423,NMF
X424,40149,45802,34648,38244,40818.95433,47756.8054,43659.58168,46148.53114,424,NMF
X425,16894,19315,15628,19170,17260.34932,20884.80785,18160.84306,20083.1858,425,NMF
X426,25234,33037,22873,28999,24505.15876,31629.3376,26794.70315,29789.91778,426,NMF
X431,52108,65314,47652,54974,51904.88121,60826.9575,55350.01997,58454.44989,431,NMF
X432,60378,76447,63791,71751,60468.14693,70661.15899,62967.60015,68559.24678,432,NMF
X433,34249,46080,34745,40105,29967.09787,37072.50664,31359.71148,35051.05095,433,NMF
X435,15909,19636,15119,16581,16566.03965,19412.52393,17201.57457,18825.60333,435,NMF
X436,30890,36690,26695,33552,27583.00617,33467.52423,29653.31761,31898.34444,436,NMF
X437,39900,49552,38009,47403,37723.42669,45733.62484,39497.94746,43914.77769,437,NMF
X438,29547,36834,25033,34726,27241.85639,36496.68142,29749.67087,34228.93917,438,NMF
X439,34894,47790,33053,40433,35933.64958,46362.77776,38447.2971,43825.00271,439,NMF
X440,29941,35606,26400,34581,27501.49358,33081.31505,29425.11856,31617.47892,440,NMF
X441,36631,42146,30475,35830,34380.25798,43614.1318,37057.53687,41312.90686,441,NMF
X442,23074,31640,21784,32403,22032.67395,29148.0354,23840.83875,27359.79783,442,NMF
X443,27154,35131,25923,32550,26070.09107,32981.58145,27642.86271,31070.77361,443,NMF
X444,67370,76919,62744,68279,64182.09148,71858.09668,66535.54684,69995.63416,444,NMF
X445,49388,55283,46404,49404,46492.28356,51481.93982,47605.39861,49830.93155,445,NMF
X446,22900,30181,21197,31528,24287.06069,30351.58546,26405.31882,28761.73666,446,NMF
X447,31673,35934,27114,26337,28351.52991,32630.21825,29553.12155,31309.05698,447,NMF
X448,45255,55308,41534,46728,44606.04262,53556.07907,46911.95419,51381.10792,448,NMF
X449,52613,70210,55694,66478,58608.94019,67918.27045,61440.21964,65898.6434,449,NMF
X450,45612,60829,48872,61572,43580.60298,54563.48432,45695.75935,51883.27895,450,NMF
X451,29540,38092,30593,32964,28793.24432,34509.58362,30733.21223,32976.20495,451,NMF
X452,23544,33613,22774,33460,22628.16995,30801.07949,25415.79334,28622.73119,452,NMF
X453,68516,76914,76366,80155,54957.68128,63922.95341,56633.64231,59642.25391,453,NMF
X454,31089,41368,28189,39779,28291.4939,36280.92248,30099.69142,34353.5851,454,NMF
X455,50535,52056,41134,46782,44391.19096,51502.76414,46615.64606,50096.05625,455,NMF
X456,30409,38117,25658,34517,30870.05408,38388.48344,32741.22811,36599.76898,456,NMF
X458,39550,51795,45534,43760,37834.72358,47067.35379,40673.4495,44574.2404,458,NMF
X459,47835,63968,41724,61490,44353.66157,58477.31731,47666.68054,55098.63752,459,NMF
X460,18908,25854,19400,26624,17483.29919,23718.91314,18746.58095,22250.90673,460,NMF
X461,25509,29714,23398,30442,25078.03995,29376.16725,26301.30251,28283.69864,461,NMF
X462,24502,26914,23753,28615,24530.56082,29664.02659,25731.06431,28525.62613,462,NMF
X463,31570,39318,27243,30854,31661.32499,38993.97856,33488.33376,37403.89226,463,NMF
X464,59201,70404,58558,59418,56502.30395,64033.30997,58665.7952,62184.97342,464,NMF
X465,41346,56460,43438,49920,39609.71487,50119.08192,42727.24484,47357.38543,465,NMF
X466,39394,51245,33316,44861,37143.46355,48004.75019,40650.96376,45138.23538,466,NMF
X467,77896,87564,67454,73051,70566.30215,81509.38591,73412.22538,78773.08054,467,NMF
X468,34052,41103,32814,44479,30578.11978,37710.99361,32767.56417,36307.90991,468,NMF
X469,59750,79722,52816,71969,59505.68564,74382.88783,62940.61969,70910.54792,469,NMF
X470,62091,79191,57430,69820,66547.8639,80205.14512,70080.63593,76966.60366,470,NMF
X472,30426,36735,25905,30382,26649.30905,32490.75515,27849.28967,31278.96324,472,NMF
X473,16422,22886,15422,20415,17503.37468,22087.29081,18591.37943,21030.26715,473,NMF
X474,39835,49003,35029,45582,38448.65994,47506.65111,41461.07689,45085.0724,474,NMF
X475,31656,41308,30856,35515,32746.15992,38972.53129,35018.54209,37318.862,475,NMF
X476,31939,39235,28753,37743,28238.87012,36241.5371,30625.37131,34124.2891,476,NMF
X478,36680,46390,32295,42703,33417.21164,42377.51559,36639.48395,39904.79578,478,NMF
X479,62207,72279,57897,77872,57458.46234,69645.27173,59953.96406,66556.28955,479,NMF
X480,25098,30608,23300,28958,24826.41722,31093.47361,26401.86182,29717.19078,480,NMF
X481,30548,39132,30193,36220,29993.31669,37292.89581,32468.84508,35754.38743,481,NMF
X482,41226,51081,37877,48018,41393.06104,51648.07172,43709.5668,49495.65637,482,NMF
X483,25117,32220,22563,30480,24400.35656,31224.86828,26000.51747,29525.81911,483,NMF
X484,43665,51336,42150,41955,40349.09553,48234.55775,41853.37336,45692.30996,484,NMF
X486,22197,28565,20303,27423,22014.30837,28163.1005,23884.05924,26597.15019,486,NMF
X487,36875,48802,37639,45750,36320.79355,46140.01819,38596.2738,43686.5891,487,NMF
X488,20332,26306,17831,19871,18488.69592,23087.33589,19696.54181,21868.92104,488,NMF
X489,35972,51917,33542,51792,32971.08684,46644.88516,36532.01899,43079.53204,489,NMF
X491,33695,46791,35345,46632,35766.1947,44979.90304,37982.39606,42807.88215,491,NMF
X493,46183,56948,42833,49932,45840.3352,58172.21627,49592.46134,55127.06236,493,NMF
X494,49497,57274,42296,52151,49276.85701,59453.22811,51466.81253,57244.97699,494,NMF
X495,26283,40274,26089,36984,25398.3811,34292.85824,27483.23076,32106.00551,495,NMF
X496,38227,51907,36185,45805,40564.77942,52423.69014,44139.27604,49297.50172,496,NMF
X497,46710,56102,47730,54045,47406.29215,55454.4531,49385.74779,53360.81775,497,NMF
X499,28319,36068,28820,36149,30113.13609,35151.83957,32042.16183,33834.49918,499,NMF
X502,52598,68567,54188,63491,54881.02198,64687.64956,58645.49588,62027.39051,502,NMF
X503,33331,47105,33618,45993,34188.65001,44306.86336,37039.47319,41693.93651,503,NMF
X504,37177,45538,36182,38250,36084.45241,42822.25338,37568.07198,41397.87916,504,NMF
X505,23577,30360,23033,32100,24559.36652,30436.01555,26443.95582,28909.53282,505,NMF
X506,36508,46350,33206,46741,36833.25489,46889.60105,39534.80412,44270.76572,506,NMF
X507,43637,55748,40687,48637,43333.78026,53356.60733,46765.62376,50683.83927,507,NMF
X508,37107,48241,34062,45170,36443.95729,45925.76027,39554.74048,43475.10319,508,NMF
X509,30133,41808,30896,39017,30000.56733,37795.42688,32268.12819,35797.89521,509,NMF
X510,43002,52186,41099,48488,41643.93102,50364.67285,43863.54442,48217.46751,510,NMF
X511,31700,36916,34029,32689,31884.12748,34996.58979,32697.14982,34030.6928,511,NMF
X513,95608,115381,88531,93565,92627.31493,109586.422,96864.46417,105785.0984,513,NMF
X515,47559,58847,41232,51410,48329.76413,57563.93282,50442.3704,55255.11745,515,NMF
X516,29446,39080,27272,37338,30236.56118,38796.93146,32396.48022,36785.35383,516,NMF
X517,31405,43426,31657,40657,34871.59424,41106.40481,36127.79166,40278.9595,517,NMF
X519,27168,38147,27237,35236,26162.64582,33657.83939,27669.20895,31538.29216,519,NMF
X520,24226,28962,24700,25379,20381.77399,24701.02634,21507.50955,23291.26333,520,NMF
X521,26585,36549,28444,32310,25514.8033,32472.81088,26836.26723,30778.58066,521,NMF
X523,74753,90240,70826,72045,77627.75951,87866.18288,80059.86424,84834.054,523,NMF
X524,48565,59832,46441,55428,45947.32614,55126.55131,47921.51897,52392.19779,524,NMF
X525,52783,61533,52169,52224,53417.29085,62556.80997,55615.33061,60559.22717,525,NMF
X526,56854,72081,48557,65851,53933.2044,67220.85623,58670.211,63762.45806,526,NMF
X527,61272,66119,51811,61074,57328.49125,67496.39172,59729.93636,64946.25,527,NMF
X528,54089,68926,53719,65126,50895.23233,67381.96076,55299.07531,63112.59212,528,NMF
X529,43890,55836,42158,47386,40801.93484,50903.69145,43198.56313,48224.05114,529,NMF
X530,45490,51666,54945,52680,37854.58997,41986.74955,37593.66086,39461.54559,530,NMF
X531,30588,35148,26148,25809,28066.78031,31105.43049,28963.84983,30093.90607,531,NMF
X532,60672,65138,56870,56234,61653.35371,68970.68441,63673.61208,66834.45402,532,NMF
X533,59972,70937,51965,71939,54752.04142,66337.5221,57390.961,63592.86891,533,NMF
X535,44723,53051,39539,46253,40307.57448,49915.47902,43779.32137,47340.92684,535,NMF
X536,43829,52098,38998,52268,42295.95631,52012.96415,44479.59629,49929.89175,536,NMF
X537,29336,37517,32606,40661,33045.46854,39029.47255,34755.67285,37899.27327,537,NMF
X538,21984,26596,19086,21838,19689.63218,24160.69599,20731.54364,23217.40022,538,NMF
X541,33405,45214,31093,43038,34639.39258,43293.2845,36558.02671,41295.54312,541,NMF
X543,11872,19518,11139,18379,11838.89822,18171.90222,13099.05215,16622.20458,543,NMF
X544,67475,90567,64455,82858,66573.11492,82798.97928,72018.56578,78498.81731,544,NMF
X545,53350,74017,50062,68137,52260.72306,70826.10195,56924.91404,66254.06264,545,NMF
X546,91254,96360,82389,71901,75932.91253,88725.8359,79079.90239,85961.44449,546,NMF
X548,27033,34405,23699,27638,27742.22353,32762.69723,28873.62881,31864.87629,548,NMF
X549,27470,30855,24980,25891,26251.76512,30125.15086,27433.67465,28976.21994,549,NMF
X550,25380,35475,27763,31160,35830.84652,42714.69491,37738.87283,41427.74707,550,NMF
X551,37297,44075,31969,37715,35136.1413,41187.00827,36184.85158,40196.95419,551,NMF
X552,33500,55152,36824,51850,34010.06094,50102.51817,37589.43811,46144.04339,552,NMF
X553,38441,48610,42315,43572,39598.52197,46093.11575,40788.74625,44355.73245,553,NMF
X554,31797,35685,31918,30937,28119.60683,31699.25837,29035.56377,30956.30019,554,NMF
X556,37245,48358,34244,42886,39465.73662,47887.26619,42730.60322,45834.46431,556,NMF
X557,21092,27182,17839,25243,21697.68303,27074.38554,23122.03682,25797.3771,557,NMF
X558,17833,22948,17304,19492,15730.81562,19653.39471,16926.86772,18593.11422,558,NMF
X559,30401,38522,27744,40742,27697.32632,37289.45375,30379.01964,34759.15942,559,NMF
X560,78283,102403,73752,83200,87237.94476,95590.79812,91851.21291,93526.62453,560,NMF
X561,37192,44786,35376,42382,34667.97534,41997.99844,37017.47174,40047.32297,561,NMF
X562,116764,126637,114281,114498,120547.6112,132513.2806,122556.0953,128142.3206,562,NMF
X563,23742,27719,20633,24678,28664.46739,32796.41656,30119.57036,32086.08951,563,NMF
X564,32017,39352,29343,31698,30524.10913,37064.96345,32019.71185,35446.33606,564,NMF
X565,33304,41858,31654,39541,34033.81429,42294.72165,36783.85221,40140.66706,565,NMF
X566,29246,37009,26124,30428,28283.00562,35101.0688,30677.6581,33328.69622,566,NMF
X567,24852,32553,23633,32879,25530.46223,32369.08026,27661.18633,30540.34269,567,NMF
X568,28753,33531,29271,31374,28420.72197,33371.58181,29560.85427,32136.64273,568,NMF
X569,26499,27318,24607,23373,24455.49455,27657.83391,25172.58805,27073.36383,569,NMF
X570,20027,26098,18319,24020,20001.90386,25416.90066,21664.72367,23910.09905,570,NMF
X572,36956,44491,32218,40244,33952.50361,42080.95663,36555.48123,39927.6725,572,NMF
X574,47423,63814,47719,59919,45022.18725,55875.57739,48235.81236,53021.69266,574,NMF
X576,34418,47444,29138,39951,36631.72313,47793.89272,40234.45165,44938.20099,576,NMF
X577,26844,34318,24924,27936,25486.6135,30542.63908,26948.29224,29235.48097,577,NMF
X578,67448,79549,68182,75517,52841.86841,66421.52807,55587.31384,62041.89779,578,NMF
X579,40732,53124,37679,45458,40628.53415,50958.56007,43625.31361,48274.12633,579,NMF
X580,57271,63578,52231,50890,53832.29965,59845.91065,55834.76798,58132.23534,580,NMF
X581,23681,36837,22905,35039,26307.46433,33057.81666,28208.24131,31120.80315,581,NMF
X582,30467,40929,31253,38866,35673.94602,43276.44402,37548.3836,41510.9055,582,NMF
X583,22413,28337,20180,26511,21510.85964,26365.68366,23172.88092,25053.10807,583,NMF
X584,25774,32219,26003,30328,25246.70798,31224.12916,26636.39267,29796.90704,584,NMF
X585,25829,35630,23101,30393,24872.96434,30112.78517,25992.04929,29093.55589,585,NMF
X586,84383,96502,76286,88658,81504.42651,92689.39702,84457.28632,89771.61987,586,NMF
X588,34411,43220,32254,37161,32914.94509,39171.58845,34485.03671,37326.45275,588,NMF
X589,30164,33860,24802,35251,28804.17198,35750.96458,31604.99489,34664.95803,589,NMF
X590,27845,34560,28777,31036,26953.31596,31891.88372,28049.64071,30749.04142,590,NMF
X591,31282,37733,31348,37867,29368.01197,34646.17896,30629.38575,33481.63127,591,NMF
X592,23390,27069,19502,24912,22714.1927,26973.07767,24315.92874,25832.66186,592,NMF
X593,55577,66213,50936,56075,49417.50659,58812.99218,51446.7587,56127.4623,593,NMF
X594,24594,27726,22463,24585,22228.33005,26805.01428,23371.20826,25818.86862,594,NMF
X595,83782,93451,66842,81036,77304.2175,94888.29251,80525.14887,89972.67665,595,NMF
X596,26805,33372,27411,29747,24662.58143,29069.47478,25683.91257,27819.06023,596,NMF
X597,28128,33651,28984,32870,27918.49981,32421.85607,28987.7465,31597.92783,597,NMF
X599,55241,66397,49073,53858,49907.73933,61168.11091,52587.43334,58211.04901,599,NMF
X600,38924,51080,34994,48666,36664.20103,46593.14682,39088.36835,43918.41492,600,NMF
X601,25238,32754,25636,28735,25043.73479,30909.85642,26318.03362,29517.14874,601,NMF
X602,34009,43219,34829,37764,33287.5975,39605.12404,35665.44317,37942.27096,602,NMF
X603,34644,47580,35573,45268,37619.73881,45118.3132,40153.6431,43296.00787,603,NMF
X605,37861,53382,37985,47423,36354.04042,44989.41941,39033.45688,42752.80894,605,NMF
X606,30768,37993,27998,33929,30029.2771,36455.51598,31650.98848,34851.43602,606,NMF
X607,17203,27071,15780,25465,17679.13368,24578.62927,19612.26414,22827.48549,607,NMF
X608,45868,64129,45278,64747,47911.34772,60556.90024,52143.22156,57219.90938,608,NMF
X609,26940,30643,23819,27048,25409.61256,29858.9079,26493.6383,28902.12506,609,NMF
X610,20199,27687,18668,23855,20064.34149,26406.70192,21822.13299,24769.13196,610,NMF
X613,32919,39276,31528,35777,34401.94639,40897.7558,36000.84129,39690.1611,613,NMF
X614,40206,41105,35472,37098,35004.91236,40224.57652,36086.78892,38630.82755,614,NMF
X615,47478,62302,47221,55958,49930.4349,59188.00542,52310.42558,57052.06102,615,NMF
X616,44564,51555,39347,45773,43523.86596,52136.35233,45642.23363,50220.57544,616,NMF
X617,37724,44589,31812,40573,32596.43699,40843.99455,34391.03022,38891.09567,617,NMF
X618,39976,50907,40311,43977,36970.01086,45627.78145,38937.96042,43567.84104,618,NMF
X621,32190,40588,27625,33184,30019.54272,38016.9945,32598.02037,36035.0879,621,NMF
X622,23992,29414,22735,27423,22435.13971,27447.06523,23568.72964,26081.61434,622,NMF
X623,32362,41575,33410,40558,36523.87125,44047.29067,38128.60982,41751.45695,623,NMF
X624,36489,43628,33306,40556,36174.80679,42966.58059,37789.2015,41304.41603,624,NMF
X625,32422,40329,28945,37000,30895.466,38973.00257,33811.86093,36835.11019,625,NMF
X626,49891,64629,43517,62203,45041.22006,59322.43256,47787.78224,56004.73195,626,NMF
X627,34579,45825,38501,42323,32434.82432,42082.37385,34942.9697,39763.475,627,NMF
X628,31668,38443,28796,38329,30915.30639,38512.73795,33677.37014,36357.25106,628,NMF
X630,32005,37989,30401,38088,34897.18951,42305.31766,36806.62267,40804.07081,630,NMF
X631,30513,37535,26851,31052,29765.04374,36229.98335,31286.21664,34822.00723,631,NMF
X632,41813,50546,38349,41545,38782.52547,46346.04734,41527.3071,44277.87945,632,NMF
X634,35057,46742,31786,43510,33228.19883,43907.93472,35409.23354,41454.19112,634,NMF
X635,29041,40874,27195,40911,27196.45059,37828.73631,29381.47941,35311.84333,635,NMF
X639,22112,27851,20230,26645,23680.15409,28790.54976,25309.33934,27475.10264,639,NMF
X640,62545,79095,58463,66128,59239.10478,74598.92319,63915.07325,70589.46344,640,NMF
X641,25097,34955,24416,32740,28176.07603,35798.74453,30067.26614,34056.45452,641,NMF
X642,16933,20966,16280,18087,18951.0941,22475.44355,19869.55999,21575.31749,642,NMF
X643,42582,51979,37228,47857,40395.98112,49921.39391,42717.80266,47531.79417,643,NMF
X645,52398,69854,51034,80563,52331.40617,65843.74791,56603.11642,62262.3301,645,NMF
X647,30997,41237,26948,37678,27978.96868,36719.55874,29974.48509,34633.27512,647,NMF
X648,34164,46539,31489,35924,32538.1823,41023.76875,35296.49641,38717.10614,648,NMF
X649,17477,24681,16117,22856,17802.83751,23297.37741,19100.2582,21836.05018,649,NMF
X651,38055,46590,36248,40712,38978.77325,47067.12571,40924.39241,45304.41868,651,NMF
X652,34896,46140,32226,46163,32638.70357,43838.83289,35546.7609,40951.58114,652,NMF
X653,30291,37653,28445,36562,29600.46815,36717.06903,31237.39961,35006.54247,653,NMF
X654,35994,44718,30792,43287,32750.15826,42487.47348,35707.96926,40004.62277,654,NMF
X655,43497,57667,38396,54786,44724.10188,57991.13941,48946.31841,55139.89909,655,NMF
X656,16812,21684,16257,19595,17129.93484,21147.9368,18379.71474,20098.21638,656,NMF
X657,28764,37369,25236,35394,31430.8981,41186.51354,34468.53274,38726.7774,657,NMF
X658,29850,40842,27788,33046,30263.94453,37049.76689,31964.46285,35576.92502,658,NMF
X659,27536,35674,27488,32058,28847.228,34412.44743,30380.13326,33129.97644,659,NMF
X661,39182,49291,40120,35440,38089.34015,44926.27077,39815.24555,43237.83823,661,NMF
X662,38972,51584,31712,48112,38419.62485,54896.43111,42433.56821,50616.05597,662,NMF
X663,32185,40288,35266,37669,31959.25511,35601.95198,33486.1146,35327.92091,663,NMF
X664,26598,35574,24510,33918,26117.58205,33075.34036,28189.19353,31291.70216,664,NMF
X665,40549,53093,40698,49812,41551.83246,48813.98085,44327.88443,46912.1764,665,NMF
X666,32804,49347,35824,52646,34469.07038,45637.17909,37541.07857,42698.62903,666,NMF
X667,45495,60732,40409,53936,43004.55887,54433.46854,47052.93593,51327.19541,667,NMF
X668,48193,60747,43985,52637,46384.68731,57788.8164,49083.07827,55259.88641,668,NMF
X672,45280,53999,43621,48167,44851.99165,53807.9731,47007.99545,51948.03232,672,NMF
X673,41325,53679,42415,55411,41332.72794,50437.02711,43690.77501,48785.08452,673,NMF
X674,41821,49710,37819,50034,34597.92609,43020.19701,36311.83295,41320.14211,674,NMF
X675,18179,26269,16010,23477,17851.54653,23934.69503,19547.9967,22294.98036,675,NMF
X676,61965,69670,63498,58869,70174.63314,74694.53998,72364.00685,73546.13946,676,NMF
X678,37942,49113,35776,45442,38275.01633,46647.51707,41304.34209,44442.13025,678,NMF
X679,53105,65544,49528,55409,51668.30722,61845.818,54164.13449,59115.10262,679,NMF
X680,30676,33303,28189,32909,27912.94953,31274.27914,28876.22393,30264.96881,680,NMF
X681,20903,27117,24862,24582,20061.15509,25369.28728,21668.15276,24108.83879,681,NMF
X682,72826,86925,64976,74464,72083.59732,84973.12608,75789.51232,81018.61911,682,NMF
X683,40363,53847,37974,46813,42071.48265,52993.51947,44693.893,50171.00585,683,NMF
X685,25196,33973,27660,39270,27860.80505,39391.74975,30955.17525,36691.67036,685,NMF
X686,32079,41685,28267,40365,30028.54149,39288.50781,32068.27215,37122.36165,686,NMF
X687,47945,59373,44611,52057,46916.9153,56873.79666,50477.53865,54299.11449,687,NMF
X688,18614,24690,16464,23395,17168.67104,22862.85012,18326.39345,21528.00766,688,NMF
X689,34509,46322,34002,38937,33656.56044,41677.55651,35471.47766,40070.35708,689,NMF
X690,27791,34914,27627,32013,28595.33955,34443.72954,30167.91643,32985.43838,690,NMF
X691,38943,58508,38944,46448,41762.59335,51149.67427,44699.91837,48693.24255,691,NMF
X692,35052,40842,27955,38031,31377.4357,41230.15926,34179.5948,38715.94683,692,NMF
X693,26818,47209,29059,45448,27473.8144,42881.75597,31375.63755,38436.89678,693,NMF
X695,23626,41430,25767,38029,24018.78823,35057.64765,26961.68314,32216.32269,695,NMF
X696,48698,60865,47483,55685,43364.47835,53326.058,45895.60057,50701.01959,696,NMF
X697,56828,71547,50532,61360,55914.50333,70068.90749,60409.69802,66415.00152,697,NMF
X698,100638,108610,86717,85088,88712.81651,103746.2886,92201.67826,100718.6671,698,NMF
X699,41088,50699,40730,49923,39580.06135,46606.94638,41312.18332,45049.32096,699,NMF
X700,23915,31842,23434,28600,23884.61924,28429.09773,25680.9726,27255.32168,700,NMF
X703,15940,20790,15150,18504,15920.77031,20544.68619,17243.20248,19346.43704,703,NMF
X704,59708,74551,55174,58750,57433.09307,67716.88074,60357.85817,64899.55181,704,NMF
X705,41292,53339,36154,48410,38122.22913,50141.26661,41707.38675,46983.47275,705,NMF
X707,46222,54378,41374,52272,43702.92833,53440.93957,46055.91799,51318.54192,707,NMF
X708,33579,38280,29639,34150,31604.18305,31604.18305,31604.18305,31604.18305,708,NMF
X709,57615,67793,53966,56309,50069.03362,61689.27519,53152.81811,59421.5054,709,NMF
X713,48306,62116,39049,51130,48885.97157,60514.28049,53022.19505,57390.62731,713,NMF
X714,26163,35354,27929,32808,27108.18895,32657.57235,28287.22673,31314.11426,714,NMF
X715,31213,43520,29002,42688,31408.77525,40429.11807,33341.91901,38426.79294,715,NMF
X717,24923,36815,21752,34723,26826.34258,36230.58903,29432.55507,33867.98651,717,NMF
X718,38923,50150,39011,44850,41089.56896,48329.30179,42917.50468,46709.60118,718,NMF
X720,38100,49142,36563,45639,35636.15481,44947.66639,37623.68206,42869.35584,720,NMF
X721,45113,52659,39105,41602,41093.79078,47387.34795,42484.53513,45287.74486,721,NMF
X722,42614,45701,41797,43878,52326.9157,60462.68558,54563.35074,58332.27129,722,NMF
X723,41558,54423,41631,53640,42711.00507,50751.68816,45897.35177,49057.85192,723,NMF
X724,38848,42408,34003,35609,38107.09205,43308.96986,39346.86359,41893.68639,724,NMF
X725,32969,40853,28949,33585,30230.41751,35379.56106,31420.39873,33754.53409,725,NMF
X726,57643,73684,51324,70152,53676.61307,69374.22114,57435.39672,65256.96847,726,NMF
X727,25054,30626,24842,29756,22315.61035,28059.16387,24182.65758,26523.89219,727,NMF
X728,29930,35545,28847,32516,28164.38374,33084.97942,29233.16921,31851.89776,728,NMF
X729,54427,71342,50648,64089,55210.55677,68565.00112,59413.73671,65115.94985,729,NMF
X730,38286,50310,34317,40555,38716.95869,47840.52785,40876.74837,45563.78148,730,NMF
X731,48679,61387,39232,51642,45184.37056,56842.73755,48418.65641,53877.28497,731,NMF
X732,57315,59475,60395,62618,42805.22223,48471.58932,44070.12101,45558.61203,732,NMF
X733,98699,102273,93957,91813,108514.0254,113442.9415,109503.8647,110831.2896,733,NMF
X734,26562,35130,21377,31213,26674.0204,34188.50775,29171.03549,32282.3788,734,NMF
X735,26339,37129,24910,35568,25868.38108,35692.52069,28079.28336,33056.30427,735,NMF
X737,32141,41074,28515,38760,30770.92842,38101.15776,33503.74007,36150.37807,737,NMF
X738,47855,54452,42817,47075,46168.49117,54651.5297,48305.80149,52539.13994,738,NMF
X740,41758,51730,41525,47634,35378.90182,46963.27663,38077.88921,44153.86222,740,NMF
X741,42916,55829,44679,49080,43690.50901,52768.77328,47018.72239,50673.89006,741,NMF
X742,42300,53794,37666,48355,41345.25742,52328.71865,44655.45146,49507.74766,742,NMF
X743,19831,26199,17214,26046,19020.49091,24405.9262,20586.15693,23005.84045,743,NMF
X745,37777,50867,33075,50916,35064.86048,47038.06259,38402.30383,43923.9342,745,NMF
X746,35469,45899,32297,42912,33467.79448,42832.94925,36464.07242,40426.1404,746,NMF
X747,43789,52022,40232,50696,40730.80116,51450.25984,42757.89414,48951.11514,747,NMF
X748,28662,37934,26474,33854,27379.28921,36047.90852,29654.70024,33772.07288,748,NMF
X749,24405,30464,23435,29197,22746.7944,28750.28411,24588.83984,27211.75504,749,NMF
X751,20383,25415,19144,22405,21428.88121,25887.56677,22457.88424,24936.77284,751,NMF
X752,22920,34919,22900,35807,24409.38651,33200.92197,26791.08421,31120.95458,752,NMF
X753,41649,52941,38081,46553,42700.67586,53856.66053,46403.7516,50910.1152,753,NMF
X754,38892,46591,33405,45375,37072.96624,45498.15028,39967.13107,44011.00401,754,NMF
X755,63600,68600,55469,61761,56250.78166,67467.60774,58548.09052,64577.7007,755,NMF
X756,91322,110778,83124,100050,87938.76597,103745.8766,91585.63303,99767.59961,756,NMF
X757,36224,46440,35664,44579,34827.73832,41752.96021,37183.09235,40002.05171,757,NMF
X758,26897,33394,26425,31070,25094.58592,29275.17992,26160.52922,28253.74335,758,NMF
X759,36464,47280,32068,49729,37425.60196,47281.87474,40444.8238,44778.46077,759,NMF
X760,49171,51444,47553,40919,45465.67416,48118.17906,46559.17946,46559.17946,760,NMF
X761,49308,61681,41801,52005,46139.12257,56846.25804,49855.79529,53902.19645,761,NMF
X762,21340,29857,21214,29949,21865.25322,27524.61488,23483.92975,26146.10878,762,NMF
X763,33663,41164,31027,38359,31058.8734,38385.45054,32708.52755,36365.84476,763,NMF
X764,21812,25807,21200,26597,21121.61825,25233.35007,22726.95287,24538.97972,764,NMF
X765,44714,56254,46372,56919,45194.873,53882.25342,47029.08111,51658.31768,765,NMF
X767,32117,43142,31067,36704,30041.46658,37858.27151,31938.24528,35802.45927,767,NMF
X768,71529,93392,60946,82102,64986.15976,82597.82319,71218.42743,77734.83312,768,NMF
X769,78653,92098,77607,70462,87956.16181,92760.71441,90382.28095,92025.72818,769,NMF
X770,23158,33661,21968,32928,33155.12172,39230.04757,35019.15445,38046.74961,770,NMF
X772,22418,27057,21305,23308,22122.14562,26076.13153,23130.85051,25454.87363,772,NMF
X773,28635,31997,27783,30832,28268.99894,31831.89737,28987.10036,30999.599,773,NMF
X774,29749,35037,27525,29129,29072.04412,33812.40138,30177.83062,32853.23265,774,NMF
X776,22709,34840,23428,28939,24265.27592,30102.66534,26071.27607,28587.6346,776,NMF
X777,23222,28252,23254,27989,23306.00006,28532.23957,24530.02357,27288.16092,777,NMF
X779,36843,46559,33633,44402,35402.68338,45706.55499,37557.33621,43379.21255,779,NMF
X780,34110,43327,29938,42223,31809.69328,41216.39726,33808.74317,38984.74209,780,NMF
X781,25003,29089,21545,28725,24217.63114,30896.21779,25780.52158,29311.6092,781,NMF
X782,31012,35545,29187,33301,30537.27656,36289.24963,32009.79786,35166.44556,782,NMF
X783,39612,46155,36013,40732,36527.47033,44157.1984,38049.65155,42247.47495,783,NMF
X784,32809,43505,30980,40854,35249.81917,43666.24461,38250.41807,41474.81669,784,NMF
X785,35257,48095,34335,50355,39468.25893,49576.95268,42815.03669,47493.71543,785,NMF
X786,17152,23200,12543,19507,17664.58471,21953.66552,19220.99315,20833.66833,786,NMF
X787,58263,66313,50748,61622,54177.11352,65974.26914,56627.74886,63129.59165,787,NMF
X788,101915,121037,89204,92820,94119.72223,111176.5534,98279.76383,107613.638,788,NMF
X789,22531,23383,23858,22008,22067.15971,22140.43349,22214.19548,22288.45059,789,NMF
X790,39968,51438,39850,43706,38071.11849,46389.51589,39693.68235,44295.68465,790,NMF
X791,43470,56520,39272,52676,42630.8168,54940.91713,46146.90412,51930.01446,791,NMF
X792,33800,47693,31029,44837,34854.10561,46153.58583,37678.5023,43343.1795,792,NMF
X793,21980,34906,21115,31750,22357.37438,33449.23345,24563.93677,30742.87483,793,NMF
X794,20208,19738,18784,17505,19813.57668,19813.57668,19813.57668,19813.57668,794,NMF
X795,20178,30379,18344,28418,20193.431,29645.26102,22503.51726,27228.5343,795,NMF
X796,38703,49125,36705,48516,38177.06927,46698.34728,41341.35389,44449.82903,796,NMF
X798,39551,50127,33749,45645,36425.30292,46880.50956,38708.36614,44410.2857,798,NMF
X799,54492,61497,49549,55674,52749.05464,61769.69959,54828.83243,59884.46656,799,NMF
X800,24254,32550,22858,28657,24177.80684,29185.32295,25657.81496,27929.8806,800,NMF
X801,28019,36456,30403,38405,25434.64509,33755.45212,27559.29743,31680.86662,801,NMF
X802,35657,49271,33359,44657,32865.18894,42911.91377,36274.32539,40153.69922,802,NMF
X803,30681,40242,27511,34929,31302.61084,36206.85122,32555.73641,35022.25401,803,NMF
X807,55817,63350,54863,55048,52134.81709,60701.64757,55434.4258,58379.09357,807,NMF
X808,42731,48961,37363,49486,37767.65944,46938.04529,39960.1872,44719.71011,808,NMF
X809,45014,66600,43138,56693,43304.61793,59908.91919,47126.05283,55733.7205,809,NMF
X810,32352,38513,31219,33477,30069.36047,36538.7813,31508.54357,34965.49334,810,NMF
X811,23883,26107,22524,24777,22227.96797,24441.90556,23626.62195,23626.62195,811,NMF
X812,34964,41711,31151,38508,31419.97365,39188.31696,33914.83714,37137.1959,812,NMF
X813,33965,38421,32967,37134,31479.69298,34590.39283,32359.67317,33643.87502,813,NMF
X814,47703,58040,41328,52619,41163.32835,53468.51979,43678.29084,50550.54234,814,NMF
X816,27070,29147,22014,26042,26096.81105,30374.86375,27153.03437,29497.03113,816,NMF
X817,118167,135968,110153,114006,111430.4608,124277.3664,114355.7942,121777.0842,817,NMF
X818,31625,40098,28909,35122,31509.71091,42516.74858,34668.375,39844.28634,818,NMF
X819,33239,41454,28851,33564,31525.69418,37633.63981,33184.3901,36018.46478,819,NMF
X821,35883,45602,34983,41577,34542.08419,42878.90665,37667.86479,40535.59625,821,NMF
X822,38216,53157,35723,49754,36882.78522,49264.22733,39737.70263,46246.71613,822,NMF
X823,31187,42585,28823,35515,31125.53144,38227.36724,32857.6563,36287.68091,823,NMF
X824,41900,51696,35745,41361,37278.89759,43895.03419,39047.3311,42238.06873,824,NMF
X826,47108,55432,42757,49293,47014.21694,55389.96202,49204.48882,53252.00145,826,NMF
X827,97438,99713,92937,81729,81786.21982,91730.31865,86306.03922,90174.5278,827,NMF
X828,28084,33979,24538,33974,26712.58814,33601.09139,28326.49861,31948.06108,828,NMF
X829,29634,39209,29165,36912,29733.06949,36530.81274,31479.26717,34895.1173,829,NMF
X830,33962,40247,30549,41914,32248.37744,40474.13381,34200.34054,38521.11417,830,NMF
X831,62518,81359,56347,76084,61893.26568,78859.41626,67388.0095,74440.53691,831,NMF
X832,36121,42739,33588,43775,32055.04492,40726.49322,34452.37387,38438.81699,832,NMF
X833,27387,36803,26507,33541,26981.71496,33815.57173,29030.76758,32007.0961,833,NMF
X834,32039,41215,28875,35005,28694.33819,36783.58882,31430.83093,34574.61663,834,NMF
X835,26451,36201,25874,32295,28812.09616,34506.10778,30200.88505,33278.40291,835,NMF
X836,32638,41183,31599,37436,29846.92334,38009.62879,32437.99432,35881.02425,836,NMF
X837,22708,24703,21044,23390,24720.14442,28001.92621,25915.39656,27445.38769,837,NMF
X838,45654,54995,42302,48552,44817.17384,54080.65932,48132.41646,51675.85109,838,NMF
X839,18612,26311,17240,24720,21705.93284,26949.28046,22954.49435,25513.16588,839,NMF
X840,32871,40338,33756,40422,39239.11673,44637.92047,40512.77309,43566.09289,840,NMF
X841,13504,17488,12902,15720,13744.13453,17734.61368,14647.52206,16795.54365,841,NMF
X843,52980,67719,46940,52336,45691.40301,56831.26326,48282.13094,54121.07917,843,NMF
X844,20023,27373,17319,26517,19420.69261,26451.18472,21125.46232,25080.59474,844,NMF
X845,28979,34062,28253,28245,26255.82867,30802.76261,27777.43065,29623.28207,845,NMF
X846,44542,60680,43295,57429,44918.3905,58163.75426,47893.16002,54988.08608,846,NMF
X847,34576,41750,31592,41782,36062.47167,42729.96701,38000.81122,41328.34844,847,NMF
X848,31906,47469,36261,49599,33752.8848,42110.94707,35719.51753,40264.93478,848,NMF
X849,43402,55879,43697,51642,43726.76527,52773.54469,45766.18604,50602.59737,849,NMF
X850,29930,42690,27838,37325,30648.09115,40496.08485,33342.50743,38036.52991,850,NMF
X852,20346,30940,22308,27856,23262.46827,28255.15121,24456.4468,27177.8905,852,NMF
X853,51367,65606,51090,63215,48192.02343,58166.96959,50419.9235,55758.16908,853,NMF
X854,32564,40380,30206,32550,32941.31444,40592.70926,34640.89615,39002.39658,854,NMF
X855,30880,40793,30580,43141,29129.68639,37322.75069,31416.942,35261.05734,855,NMF
X856,39806,49948,36639,42755,35775.33425,43814.59256,38883.62765,41570.37213,856,NMF
X857,42815,53711,46197,49943,42434.6884,50415.30488,44136.19484,48392.22026,857,NMF
X860,36229,43649,32471,39566,32249.49763,39987.39204,34031.60462,38032.58077,860,NMF
X861,20812,24945,21654,24527,21417.70919,25198.92917,22947.78666,24684.17292,861,NMF
X862,45439,57443,41714,50083,44662.20764,52000.58451,46996.17646,50118.31533,862,NMF
X863,52460,61712,51265,58540,46293.03775,55046.83096,48592.47323,51931.7808,863,NMF
X864,23771,29182,21955,30346,21911.9145,26064.25501,22956.95299,25167.21746,864,NMF
X865,41878,50579,41712,43209,41982.7531,50540.06103,44952.86239,48352.66044,865,NMF
X866,35533,46947,37567,44820,35359.92884,44613.73349,38013.7756,42232.03656,866,NMF
X867,29598,35924,29982,35493,26155.561,32124.37331,27595.00434,30031.26326,867,NMF
X868,51929,62687,54642,55686,49938.77726,60520.38645,53064.41123,57456.7522,868,NMF
X869,25314,41105,26937,38346,28467.65059,37279.80192,31174.84641,34947.6612,869,NMF
X870,39021,45332,37717,37530,37368.82065,42160.91199,38708.09708,40523.42375,870,NMF
X871,34790,46477,37960,41467,38015.64166,45042.55443,39977.75535,43892.0248,871,NMF
X872,38872,46852,35736,42893,40501.3389,47001.34839,42325.18675,45344.80663,872,NMF
X873,22191,22538,18068,20126,20804.81626,22493.55177,21866.01311,21866.01311,873,NMF
X874,26558,31099,26713,27124,25409.93584,31371.93871,27348.06953,29901.06343,874,NMF
X875,23606,32893,24169,29932,24575.87791,30823.2123,26390.40682,29353.61923,875,NMF
X876,100142,24633,0,0,45014.86267,58661.32902,49200.53788,55094.67838,876,NMF
X877,38021,45161,35952,39501,34186.8675,39697.29134,35583.39052,38061.87878,877,NMF
X878,44159,54369,39671,53011,43986.37146,53949.03603,47565.83047,51297.25005,878,NMF
X880,42949,52717,43132,53771,40927.15045,47706.98923,42568.13974,46271.78972,880,NMF
X881,19946,26970,18059,27434,20460.42976,26596.07355,22380.87819,25002.56487,881,NMF
X882,33766,39875,31170,34458,32783.89683,35783.20439,33515.28514,35210.81017,882,NMF
X883,23527,29055,22653,25232,25139.40028,28924.92879,26172.16668,27963.68284,883,NMF
X885,31552,36146,29454,30873,35132.39392,41016.67959,36963.00264,39918.64823,885,NMF
X886,37035,44282,31102,38148,33816.10278,41457.17637,36416.11405,39452.29723,886,NMF
X887,35384,48357,34102,43545,33290.52756,42621.39318,35322.87408,40409.80541,887,NMF
X888,48759,60819,43689,51178,45840.48429,54785.82788,49392.10354,52336.32566,888,NMF
X889,21531,27447,18918,27372,21034.75206,26058.61384,22666.88008,24719.08242,889,NMF
X891,40269,46875,37639,45522,41791.09856,48090.88436,42957.36233,46941.69765,891,NMF
X892,38758,49481,34333,46493,36744.41545,47651.09713,39170.51307,45076.09149,892,NMF
X894,41585,57772,37588,52458,38283.52352,53902.89016,41765.45273,49987.95637,894,NMF
X895,54965,66624,56963,63706,51534.78667,58743.9819,53507.96722,56910.42444,895,NMF
X896,41988,47758,38971,40577,37054.92534,41906.30844,38465.13028,40380.59636,896,NMF
X897,16539,22041,17529,19425,18468.62788,21571.56519,19272.50003,20556.97565,897,NMF
X898,36546,47060,29456,43962,31246.91503,41944.79315,33530.56021,39480.68991,898,NMF
X899,26651,32327,23175,32410,25010.75834,33080.45285,27262.95601,31027.6979,899,NMF
X901,37543,50851,34261,39550,36577.01645,45084.985,38988.84076,42883.86644,901,NMF
X905,35908,42229,30857,37784,34423.26638,41646.523,36836.33191,39836.18416,905,NMF
X906,55575,69368,58606,63713,52842.13333,65601.9162,56679.28016,62194.13466,906,NMF
X907,37592,42609,34028,38114,36272.15202,41600.23981,37634.53021,40168.55033,907,NMF
X908,17714,27261,20036,26779,19794.0212,26738.98429,21514.64693,25003.59881,908,NMF
X910,30830,39585,27008,37340,28944.04992,37650.5371,30758.74367,35607.13199,910,NMF
X911,53625,68968,48170,56945,50786.22362,61572.45882,53410.25251,58538.21187,911,NMF
X912,32179,40750,31530,33343,30649.32929,35050.15832,31712.51255,33751.71393,912,NMF
X913,41694,61964,42856,58462,42620.23694,54631.31667,46130.6119,51576.10429,913,NMF
X914,50205,65593,46981,54204,48970.18237,59167.40784,51643.21919,56333.47559,914,NMF
X916,27895,37134,30819,31133,28255.71879,33689.78314,29685.55866,32340.51256,916,NMF
X917,33143,40890,30131,39349,33745.01567,40753.29886,36089.43759,38909.74733,917,NMF
X918,30324,34634,26194,31609,26471.59406,33088.2911,27847.33073,31528.68428,918,NMF
X921,50532,51821,40350,45573,47870.41557,55605.31962,49700.36003,54007.11983,921,NMF
X922,38500,47731,36071,40159,39009.95441,46260.12027,41617.20814,44324.34692,922,NMF
X923,30666,34408,28128,27828,28714.71585,32371.84363,29540.39846,31671.05053,923,NMF
X924,22617,27410,20882,26198,23879.59896,28931.49777,25538.57961,27617.54837,924,NMF
X925,37800,46331,41690,43853,36359.66117,40992.07897,37506.79078,39681.1499,925,NMF
X926,33240,45172,35418,47880,37015.16675,48344.59541,39974.81792,45569.21479,926,NMF
X927,32089,42860,30867,37032,31935.09561,40681.90916,34134.97674,38545.29437,927,NMF
X928,38081,53444,34781,54000,38930.26166,52933.3199,42622.49643,49416.12098,928,NMF
X929,31989,39537,29559,34970,30065.13201,35973.26982,31345.76698,34758.13385,929,NMF
X930,37042,42639,32821,39151,35642.68989,44273.62,38302.78764,41967.16453,930,NMF
X931,28696,33810,33482,33959,23090.12692,28809.826,23768.12739,26756.8926,931,NMF
X933,41466,46946,37257,46588,37395.04451,45656.73986,38875.54412,43485.38589,933,NMF
X934,35104,42837,33458,38626,33713.51071,41317.73387,36444.96739,39262.4682,934,NMF
X935,31933,41589,28498,36829,29379.62157,35854.47667,31006.28861,33973.01183,935,NMF
X936,34522,42216,32924,37805,35777.96998,41798.92044,37265.65159,40527.32202,936,NMF
X937,37069,53556,38041,43428,38550.94297,51018.65543,41542.90396,48079.7983,937,NMF
X938,51182,61708,53004,57148,48228.37159,57389.12504,51825.80003,54894.78892,938,NMF
X939,30354,39098,28189,34237,29133.29246,37236.63033,31536.20438,35084.46761,939,NMF
X940,43646,49999,37108,46107,38470.38572,48611.9665,40755.00702,46164.18239,940,NMF
X942,31430,44712,34122,40338,31610.03209,39917.69159,33954.81404,37792.48994,942,NMF
X943,38413,48850,37828,38659,37581.79958,44155.46997,38918.59057,42486.25285,943,NMF
X944,37139,44121,38335,46656,39878.41878,47206.96957,42205.80426,46038.20072,944,NMF
X945,23829,29008,21868,24419,23429.85847,26145.21465,24991.86891,24991.86891,945,NMF
X946,22236,28842,21695,26462,20844.71615,25869.68596,22360.08901,24550.37017,946,NMF
X947,38961,49578,39962,46728,42236.84065,48445.14159,43913.46877,46880.74119,947,NMF
X948,57562,60456,58082,54289,58617.68705,62849.25078,58016.73728,62958.71018,948,NMF
X949,27719,39093,23355,34263,24590.18136,34569.3049,27095.41004,31990.68327,949,NMF
X950,28551,38671,30765,40980,28229.78084,34991.78258,30196.77609,33248.92294,950,NMF
X951,39726,53344,36304,45191,41499.39156,52328.39788,44953.665,49529.10717,951,NMF
X953,28277,36408,26335,34019,26936.00668,34196.15372,28609.11389,32484.08637,953,NMF
X954,34600,43136,29306,38908,33263.63587,43648.49926,36373.07262,40935.31119,954,NMF
X955,25429,33568,24131,30147,26618.16664,33071.34213,28402.40984,31801.55825,955,NMF
X956,17016,19146,13603,19440,17136.72483,20670.99366,18565.95179,19705.36213,956,NMF
X957,42157,51388,36864,50705,40745.88473,52540.99261,44740.87429,49436.82159,957,NMF
X958,20785,23758,20095,20161,21712.26144,25154.02306,22577.7137,24422.21909,958,NMF
X959,38372,47497,36011,43660,35308.37968,44534.70151,37408.76691,42445.56713,959,NMF
X960,34466,48780,37825,46499,33856.99538,42866.96141,36434.42549,40537.76701,960,NMF
X961,33249,42594,31448,37586,34093.44391,40775.71881,35786.35711,39108.35553,961,NMF
X962,31636,44168,29059,40013,32981.42324,44484.10779,36378.43088,41523.42925,962,NMF
X963,56397,76059,50494,76620,50639.0983,68571.90792,54535.18776,64265.11792,963,NMF
X964,45513,58986,46253,59148,48867.62205,59272.00097,51556.79905,56830.48279,964,NMF
X965,40707,55196,41450,51140,41412.69562,51847.92636,44397.93199,49490.90413,965,NMF
X966,25695,30089,22866,26360,25800.73188,30253.87871,26915.05291,29295.73377,966,NMF
X967,43135,51056,37021,46384,40882.36952,49657.6537,42904.83766,47550.23981,967,NMF
X968,42472,45408,36932,41760,38413.98449,46097.83481,40294.15288,44407.96834,968,NMF
X969,19326,25961,21525,25743,22340.09929,25226.24059,23862.29024,24932.49794,969,NMF
X970,15184,18885,13916,14986,16323.45391,19533.92111,17074.13752,18867.4171,970,NMF
X971,46685,60944,42600,55347,40557.95288,51084.90357,42647.13223,48594.60147,971,NMF
X972,16789,22059,15511,22247,15149.01523,18620.42098,16256.50594,17819.53048,972,NMF
X973,35442,44198,32268,40703,39228.51181,48765.05173,41846.74784,46982.04097,973,NMF
X975,37373,49501,35205,44145,39159.50193,47808.73761,41015.43822,45757.3727,975,NMF
X976,35079,45446,31984,41577,33621.02503,43558.62439,36518.29167,40960.62106,976,NMF
X978,41246,47088,34483,43350,38492.86143,47174.27474,41630.43076,44847.33314,978,NMF
X979,34540,42113,31103,39903,32061.71797,42723.82652,34907.55795,40087.5581,979,NMF
X980,29150,40928,30861,39215,34763.607,43234.0325,37273.45323,41056.29729,980,NMF
X981,37632,46876,34297,45323,36145.02174,46317.72415,37933.51514,43771.21984,981,NMF
X982,44380,56663,40741,52717,40638.55097,51970.3802,43936.49063,49050.64549,982,NMF
X983,41622,56448,37790,52363,41635.00212,52186.22855,45156.32654,49502.87317,983,NMF
X984,27683,40486,28984,42697,30348.97133,39152.45633,33011.93112,36880.67526,984,NMF
X985,43189,59761,43891,54618,43001.67686,51889.56197,44437.28443,49513.30881,985,NMF
X986,25611,31532,22249,29221,23288.2755,29880.34247,24563.9548,28223.75024,986,NMF
X987,35317,43333,31743,40874,34407.59502,42046.97262,37343.28396,39927.19931,987,NMF
X988,31268,31585,26649,25210,24950.19411,28988.03511,26224.8167,27642.60961,988,NMF
X990,33651,43621,31595,39014,31221.45389,40412.45453,33313.05325,37960.32252,990,NMF
X991,31702,37137,29633,30926,30521.75409,36852.3251,32462.83761,35260.37365,991,NMF
X992,26961,34347,22305,29229,29824.81438,34144.49376,31531.18106,32989.19475,992,NMF
X993,39711,51500,36527,48755,37971.70201,48535.2712,40369.3032,45461.04328,993,NMF
X994,20769,35077,21664,32588,23655.7022,32098.20421,25994.63496,30069.72343,994,NMF
X995,54124,61762,45761,54777,49939.46271,61060.26738,52378.88658,58422.36864,995,NMF
X996,34608,47877,33637,47301,34774.00607,44762.22538,37681.87781,42289.00277,996,NMF
X997,24643,34030,24144,33383,24341.77672,32119.4489,26410.31207,30272.53767,997,NMF
X998,23700,29584,24574,27770,23040.85477,26782.02755,24503.09012,25778.80776,998,NMF
X999,47471,64022,40376,59430,43107.61212,58475.7699,46408.75496,54797.22388,999,NMF
X1001,30973,38298,25991,37422,28179.15725,36707.48202,30598.79888,34570.84828,1001,NMF
X1002,38160,48452,33262,36482,32696.06493,41541.33916,35476.3055,39231.82687,1002,NMF
X1003,29649,40927,31281,46344,34169.15475,45196.60522,37098.84073,42552.40593,1003,NMF
X1005,34256,39400,31373,35256,32073.48023,38022.82369,33481.25039,36712.98119,1005,NMF
X1006,37007,43925,34587,45041,34584.45524,42119.99232,37137.0201,40135.18293,1006,NMF
X1007,37275,52012,34127,47748,35746.42678,46219.76255,38187.17909,43507.75589,1007,NMF
X1008,28900,40983,28246,35150,26875.15719,34800.22154,29446.47253,32685.92075,1008,NMF
X1010,48891,62381,47965,65249,46107.42353,59121.13743,49154.96675,55825.18641,1010,NMF
X1011,34782,47373,35342,45855,37931.76009,46252.30301,41036.07409,44266.749,1011,NMF
X1013,17584,22855,16057,23883,20113.53208,24320.52837,21590.10629,23221.81149,1013,NMF
X1014,48480,69716,46860,68881,61750.72782,75185.32839,65647.86115,71998.3893,1014,NMF
X1015,32273,42497,32928,40252,31347.4027,38559.0783,32876.42042,36831.45696,1015,NMF
X1016,28512,39334,24203,35091,26283.46693,35970.21091,29080.83059,33548.27541,1016,NMF
X1017,35714,39533,33226,36631,37354.28411,42790.65549,39003.93619,41617.26518,1017,NMF
X1018,59458,78173,55502,64540,59990.70989,71181.28663,63103.61933,68896.01958,1018,NMF
X1020,46340,57415,46783,46873,45810.4088,53286.4178,48513.54864,51282.69747,1020,NMF
X1021,54470,63372,52671,49109,49617.42854,57257.63775,51343.21813,55723.14653,1021,NMF
X1022,36099,48743,32334,42120,37193.70044,47607.88766,40306.753,44969.64974,1022,NMF
X1023,30264,40091,28375,34240,29311.02641,37111.50592,31463.15651,35392.28295,1023,NMF
X1024,32258,39770,30239,37435,30827.98018,38360.27448,32744.32626,36326.40909,1024,NMF
X1025,41265,49914,42178,41756,38351.72222,44141.86913,40766.70186,42550.88668,1025,NMF
X1026,45217,63015,41860,55774,45463.37349,58966.8945,49590.72118,55405.88058,1026,NMF
X1028,23486,34901,22454,33218,23375.98273,32714.41267,25847.81178,30436.46797,1028,NMF
X1029,30052,33094,27247,29611,27935.30591,33506.62579,29165.91815,32414.74524,1029,NMF
X1030,18843,24231,17049,24320,17196.04787,22261.0057,18716.69034,20917.12019,1030,NMF
X1031,23536,32947,23442,30350,22044.17454,31370.06809,24145.05015,29018.0885,1031,NMF
X1032,48217,58681,45536,58042,46156.71128,57198.14232,48490.22426,54624.06981,1032,NMF
X1033,75945,97199,68125,82599,68941.70273,85911.69339,75378.64942,81273.1616,1033,NMF
X1034,34497,42132,28617,40883,31574.09778,40939.00522,33482.03673,38780.39172,1034,NMF
X1035,25160,32771,21604,31643,23507.80403,30027.17611,25519.04375,28320.72379,1035,NMF
X1036,28297,33495,24270,28654,27332.57327,33436.99296,28706.96557,31978.30116,1036,NMF
X1037,33049,40803,31735,37919,35206.45034,41573.4399,37135.10169,40424.94093,1037,NMF
X1039,44470,52628,38915,45921,43770.88314,51414.11668,45350.43223,49266.77431,1039,NMF
X1040,43430,57606,39153,50774,43802.10733,55565.44824,47271.2844,52545.1916,1040,NMF
X1042,22180,23899,18752,25292,20625.80115,25863.73489,21827.89439,24698.9678,1042,NMF
X1043,47163,52948,38887,49395,43197.28937,51505.94036,46146.31153,50253.36476,1043,NMF
X1044,29049,36819,29330,39407,33373.63951,40609.52064,35163.68185,38901.94384,1044,NMF
X1045,58476,68617,63558,67231,47881.1638,55871.12196,49057.91128,52260.17089,1045,NMF
X1046,47480,64125,44022,57921,44662.31924,57998.16573,47367.3685,54900.40417,1046,NMF
X1047,23928,32743,22559,31299,23001.26581,30983.62688,25060.01956,28924.14507,1047,NMF
X1048,36683,50640,36901,48804,35872.099,47239.11546,38505.83754,44460.14298,1048,NMF
X1050,38364,46108,37196,44691,36826.46442,45744.72925,39178.32007,43421.15388,1050,NMF
X1051,39119,52548,42278,53476,39396.85325,50422.1178,42585.16878,47612.59797,1051,NMF
X1052,35811,45944,34269,44948,36476.93013,44244.05905,39230.87063,42160.38171,1052,NMF
X1053,42226,53409,39584,51238,42826.7077,56821.79204,46751.0178,53169.31623,1053,NMF
X1054,32336,44813,30906,39001,31050.23646,39288.30857,33107.06755,37165.31246,1054,NMF
X1055,39272,52766,35326,45112,39649.89327,49535.90126,41786.81677,47218.83243,1055,NMF
X1057,35935,41108,28798,34213,33438.44901,40054.53328,34949.81422,38027.05688,1057,NMF
X1058,36760,45476,33613,43552,38155.25156,45068.99182,41008.39345,43246.12802,1058,NMF
X1059,47346,60200,42580,52880,44791.85784,55278.8685,47226.31714,52670.50657,1059,NMF
X1060,38377,47102,33974,45196,37842.62777,46083.48802,40702.28674,43883.16019,1060,NMF
X1061,43904,56839,44260,50432,44463.41721,52660.29945,46710.39488,51325.09896,1061,NMF
X1062,31140,43557,30773,40611,30513.06952,39718.11917,32980.31567,37361.08365,1062,NMF
X1063,22949,31504,20922,25893,23170.86996,29118.95824,24646.76917,27666.83333,1063,NMF
X1064,52831,62584,47884,55227,50789.94378,60085.94493,54382.40121,57612.54819,1064,NMF
X1066,51544,58021,47280,50915,59559.25582,66976.29416,61297.08171,65453.81923,1066,NMF
X1068,23875,30476,23269,29602,24155.80301,29375.17572,25230.26614,28125.13909,1068,NMF
X1069,33213,42082,29783,41784,31574.93976,39785.9258,33210.76909,37677.3959,1069,NMF
X1070,37871,47930,36977,47679,36124.36843,45456.70779,38101.88429,43234.94582,1070,NMF
X1071,33450,42763,30097,33844,31268.57798,37438.62812,32828.45409,35774.4299,1071,NMF
X1072,37022,47430,34978,43505,35617.52946,43890.79461,38285.60861,41764.24532,1072,NMF
X1073,51183,63275,45542,38709,42134.24521,49528.15786,45329.48509,47561.28031,1073,NMF
X1074,25146,34225,26154,34220,26051.44525,33217.51867,28249.64886,31326.25552,1074,NMF
X1075,68854,74640,64588,57918,64851.37957,69321.51232,66747.00627,66747.00627,1075,NMF
X1076,21282,24752,19145,20843,20875.68721,25438.15557,22572.59577,24247.20849,1076,NMF
X1077,22295,28906,20747,26968,22169.3725,28321.5601,23511.26272,26859.255,1077,NMF
X1078,36617,54727,36052,53168,37577.6792,48684.15266,40935.89178,46290.62844,1078,NMF
X1079,41572,61303,43052,52791,42659.28538,52619.33509,45663.22732,50059.64641,1079,NMF
X1081,41669,51524,37493,44549,41892.04476,47490.26587,44042.13871,47698.42928,1081,NMF
X1082,35616,42517,32385,41664,35153.24647,42141.70968,37166.32621,41062.50761,1082,NMF
X1083,31008,38444,31745,33865,30718.07744,36286.22743,32043.7192,34891.54125,1083,NMF
X1084,33252,40751,33694,37091,32745.86146,37754.6537,34738.04304,36388.68964,1084,NMF
X1085,37313,49209,35676,42527,38121.46647,46969.99563,40369.87168,44857.78368,1085,NMF
X1086,27244,42076,27460,42102,26573.91673,38548.95678,29693.37886,35349.03162,1086,NMF
X1087,34518,44278,34659,39232,33582.66481,41277.54515,36206.76602,39196.30286,1087,NMF
X1088,23500,30613,23163,30615,26190.86987,32928.17134,28362.37274,31223.1314,1088,NMF
X1089,55921,67785,50349,59089,52174.90793,64619.59001,55935.9109,61297.2536,1089,NMF
X1090,34305,43398,32329,40950,32519.75499,41425.41151,34570.94774,39306.16744,1090,NMF
X1091,46858,63582,42925,51173,41798.68013,54058.549,44759.08361,50942.02601,1091,NMF
X1093,49783,55286,42028,51199,43359.73866,51468.6567,44776.87737,49178.60699,1093,NMF
X1095,25803,29725,23357,26786,24774.79797,29497.27483,25816.62753,28220.25455,1095,NMF
X1096,30555,36657,28552,36025,33638.87319,39374.85197,36181.28361,38130.51026,1096,NMF
X1097,72908,77682,71420,66226,74810.62497,78743.22745,74575.27662,79617.57218,1097,NMF
X1098,28696,33114,25542,30557,26605.54258,32625.30291,27993.30059,31160.70844,1098,NMF
X1099,54333,60476,59643,59130,47114.96094,56097.1599,49480.97686,53101.34443,1099,NMF
X1100,24462,34983,21630,32264,25827.13321,32632.92483,28178.47595,30879.88728,1100,NMF
X1101,53599,73064,48922,62404,50588.49343,63934.23285,55323.81543,60329.36323,1101,NMF
X1103,29001,39430,29545,39534,28637.48109,36057.05738,31022.02725,34189.52597,1103,NMF
X1105,25663,33875,24139,32970,25095.32088,34242.84855,27700.86376,32001.0772,1105,NMF
X1106,26661,35358,26137,30076,26121.14714,31194.54095,27416.04334,29745.19555,1106,NMF
X1108,30886,40719,25466,39019,27516.43885,37260.31524,30233.13979,34793.93986,1108,NMF
X1110,21612,30371,21359,27300,23724.41192,31494.03678,26009.14767,29557.95724,1110,NMF
X1111,21661,32356,22481,30428,24612.53139,29680.68167,26437.46136,28353.10079,1111,NMF
X1112,41215,60310,39535,52423,40353.55599,58017.26875,44629.26272,53463.20818,1112,NMF
X1113,37344,46531,33330,35470,34793.62885,40720.23446,36215.54214,38936.2186,1113,NMF
X1114,126283,149149,126927,129981,116866.436,131549.4386,120071.0968,126373.2277,1114,NMF
X1115,36233,45927,35362,43551,35834.35917,44107.22428,38597.9523,41973.67908,1115,NMF
